cnpj,nome,situação,link
43.977.504/0001-79,TECHTOOLS REFRIGERACAO LTDA,Ativa,http://cnpj.biz/43.977.504/0001-79
42.468.735/0001-94,FERNANDES COMERCIO E MATERIAIS PARA CONSTRUCAO LTDA,Ativa,http://cnpj.biz/42.468.735/0001-94
42.859.774/0001-12,G H C MEDEIROS LTDA,Ativa,http://cnpj.biz/42.859.774/0001-12
41.487.175/0001-52,AMCF PROMOCAO E COMERCIO VAREJISTA LTDA,Ativa,http://cnpj.biz/41.487.175/0001-52
41.030.681/0002-07,BK PR COMERCIO DE BRINQUEDOS LTDA,Ativa,http://cnpj.biz/41.030.681/0002-07
43.374.408/0001-36,NATURALZEN COMERCIO DE PRODUTOS PARA IOGA E MEDITACAO LTDA.,Ativa,http://cnpj.biz/43.374.408/0001-36
43.647.441/0001-92,COMERCIAL CWB DE ALIMENTOS LTDA,Ativa,http://cnpj.biz/43.647.441/0001-92
44.666.198/0001-12,ALEXANDRE ELIAS INACIO LTDA,Ativa,http://cnpj.biz/44.666.198/0001-12
44.385.767/0001-51,GROCHOCKI E ALMEIDA BIKE SHOP LTDA,Ativa,http://cnpj.biz/44.385.767/0001-51
42.963.852/0001-24,BASSO DRULA LTDA,Ativa,http://cnpj.biz/42.963.852/0001-24
41.076.490/0001-97,MORAIS FRIOS LTDA,Ativa,http://cnpj.biz/41.076.490/0001-97
41.391.353/0001-47,ISRAEL J PEREIRA,Ativa,http://cnpj.biz/41.391.353/0001-47
41.676.912/0001-65,BAZZOM STORE LTDA,Ativa,http://cnpj.biz/41.676.912/0001-65
42.189.517/0001-10,DFSHOP E-COMMERCE LTDA,Ativa,http://cnpj.biz/42.189.517/0001-10
44.448.522/0001-26,GARAGE 536 COMERCIO DE VEICULOS LTDA,Ativa,http://cnpj.biz/44.448.522/0001-26
44.499.219/0001-52,ARTE DE VESTIR LTDA,Ativa,http://cnpj.biz/44.499.219/0001-52
44.580.930/0001-37,MAGIA URBANA LTDA,Ativa,http://cnpj.biz/44.580.930/0001-37,Ativa
44.385.895/0001-03,LOJA VITA SAUDE PRODUTOS MEDICOS E ORTOPEDICOS LTDA,Ativa,http://cnpj.biz/44.385.895/0001-03,Ativa
43.626.111/0001-10,VIEIRA PROMOCAO E COMERCIO DE COSMETICOS LTDA,Ativa,http://cnpj.biz/43.626.111/0001-10,--,
41.399.907/0001-52,DONNA DONUTS COMERCIO DE DOCES LTDA,Ativa,http://cnpj.biz/41.399.907/0001-52,--,
41.092.535/0001-17,DUFF'S PUB COMERCIO DE BEBIDAS LTDA,Ativa,http://cnpj.biz/41.092.535/0001-17,Ativa
42.921.639/0001-50,ALEXANDRE SAVI SUPLEMENTOS LTDA,Ativa,http://cnpj.biz/42.921.639/0001-50,Ativa
41.161.255/0001-13,UZ VENDAS LTDA,Ativa,http://cnpj.biz/41.161.255/0001-13,Ativa
43.583.747/0001-22,ISA SEMIJOIAS GOLD LTDA,Ativa,http://cnpj.biz/43.583.747/0001-22,Ativa
41.383.923/0001-57,LERSI ARTIGOS DO VESTUARIO LTDA,Ativa,http://cnpj.biz/41.383.923/0001-57,Ativa
41.649.178/0001-45,TW SEMIJOIAS PREMIUM LTDA,Ativa,http://cnpj.biz/41.649.178/0001-45,--,
41.548.233/0001-00,NUTRI ACQUA COMERCIO LTDA,Ativa,http://cnpj.biz/41.548.233/0001-00,--,
43.647.112/0001-41,TRIUNFO COMERCIO DE ALIMENTOS LTDA,Ativa,http://cnpj.biz/43.647.112/0001-41,--,
43.958.703/0001-30,N P LIMA CONFECCOES,Ativa,http://cnpj.biz/43.958.703/0001-30,Ativa
42.016.925/0001-70,BEATRIZ COTOVICZ KRAUZ,AtivaAtiva,http://cnpj.biz/42.016.925/0001-70,Ativa
42.683.024/0001-32,N P G COMERCIO DE MOVEIS LTDA,Ativa,http://cnpj.biz/42.683.024/0001-32,--,
41.788.848/0001-04,R.PARANA SERVICOS ESPECIALIZADOS PARA CONSTRUCAO LTDA,Ativa,http://cnpj.biz/41.788.848/0001-04,Ativa
42.651.743/0001-71,FIGUEPARTS AUTO PECAS LTDA,Ativa,http://cnpj.biz/42.651.743/0001-71,Ativa
41.988.043/0001-04,DISTRIBUIDORA HIGIE-LONAS LTDA,Ativa,http://cnpj.biz/41.988.043/0001-04,Ativa
41.981.487/0001-18,PNZ COMERCIO DE ARTEFATOS PLASTICOS LTDA,Ativa,http://cnpj.biz/41.981.487/0001-18,Ativa
41.286.607/0001-67,FARMACIA E DROGARIA BOQUEIRAO LTDA,Ativa,http://cnpj.biz/41.286.607/0001-67,Ativa
43.370.094/0001-01,D ALE ACAI - PETISCOS E SORVETES LTDA,Ativa,http://cnpj.biz/43.370.094/0001-01,Ativa
42.650.224/0001-99,DISTRIBUIDORA DE BEBIDAS KARINA GABRIEL LTDA,Ativa,http://cnpj.biz/42.650.224/0001-99,Ativa
44.616.141/0001-09,BORGES DISTRIBUIDORA DE BEBIDAS E MERCEARIA LTDA,Ativa,http://cnpj.biz/44.616.141/0001-09,Ativa
42.334.856/0001-43,FABIO DE OLIVEIRA DE SOUZA COMERCIO DE INFORMATICA,Ativa,http://cnpj.biz/42.334.856/0001-43,Ativa
43.738.272/0001-04,SIED7 PLAYTEC COMERCIO LTDA,Ativa,http://cnpj.biz/43.738.272/0001-04,Ativa
42.276.937/0001-34,RENATO LECHINSKI COMERCIO DE VEICULOS LTDA,Ativa,http://cnpj.biz/42.276.937/0001-34,Ativa
43.825.359/0001-00,SR MARQUES RESIDUOS LTDA,Ativa,http://cnpj.biz/43.825.359/0001-00,Ativa
43.169.397/0001-52,XUN SHOP IMPORTACAO E EXPORTACAO E COMERCIO DE ELETRONICOS LTDA,Ativa,http://cnpj.biz/43.169.397/0001-52,--,
41.844.274/0001-44,R CARDOSO FERREIRA LOJA DO LAVA CAR LTDA,Ativa,http://cnpj.biz/41.844.274/0001-44,Ativa
41.710.557/0001-01,ANNELISE GEVAERD COMERCIO VAREJISTA DE COSMETICOS LTDA,Ativa,http://cnpj.biz/41.710.557/0001-01,--,
41.446.136/0001-07,EGLAIR FERNANDA DO PRADO,Ativa,http://cnpj.biz/41.446.136/0001-07,Ativa
41.823.513/0001-80,FLORICULTURA SHEKINAH LTDA,Ativa,http://cnpj.biz/41.823.513/0001-80,--,
42.089.315/0001-05,SELECT MOTORS LTDA,Ativa,Ativa
42.509.990/0001-38,JUNIOR MARTINS CERQUEIRA - GAS.,Ativa,http://cnpj.biz/42.509.990/0001-38,Ativa
41.354.485/0001-07,LDR VARIEDADES LTDA,Ativa,http://cnpj.biz/41.354.485/0001-07,Ativa
41.402.320/0001-55,SACOLAO JUSSARA HORTIFRUTI LTDA,Ativa,http://cnpj.biz/41.402.320/0001-55,Ativa
42.528.381/0001-26,SASSY CHIC COMERCIO VAREJISTA DE ROUPAS E ACESSORIOS LTDA,Ativa,http://cnpj.biz/42.528.381/0001-26,Ativa
41.582.500/0001-66,OLIVERCLICK MARKETING DIGITAL LTDA,Ativa,http://cnpj.biz/41.582.500/0001-66,Ativa
43.560.920/0001-77,JB SERVICOS E SUPRIMENTOS DE INFORMATICA LTDA,Ativa,http://cnpj.biz/43.560.920/0001-77,Ativa
44.246.396/0001-27,XADREZ DISTRIBUIDORA DE BEBIDAS LTDA,Ativa,http://cnpj.biz/44.246.396/0001-27,Ativa
44.197.350/0001-65,ALEXANDRO FERNANDO DA SILVA COMERCIO,Ativa,http://cnpj.biz/44.197.350/0001-65,Ativa
44.108.226/0001-86,LEAO DE JUDA COMERCIO DE ACAI LTDA,Ativa,http://cnpj.biz/44.108.226/0001-86,Ativa
42.709.284/0001-30,ENEKIN COMERCIO DE CARNES LTDA,Ativa,http://cnpj.biz/42.709.284/0001-30,Ativa
42.369.698/0001-67,PAULO HENRIQUE MARTINS VALVERDE LTDA,Ativa,http://cnpj.biz/42.369.698/0001-67,---,
42.357.395/0001-24,G DA S FERRAREZI,Ativa,http://cnpj.biz/42.357.395/0001-24,Ativa
41.885.875/0001-03,FALCON COMBAT LTDA,Ativa,http://cnpj.biz/41.885.875/0001-03,Ativa
42.287.152/0001-67,JFC COMERCIO DE ARTEFATOS DE MADEIRAS E EMBALAGENS LTDA,Ativa,http://cnpj.biz/42.287.152/0001-67,Ativa
42.823.984/0001-50,WAGNER SQUEDINO FALLS ELETRONICOS,Ativa,http://cnpj.biz/42.823.984/0001-50,Ativa
44.468.871/0001-00,ELM MERCADO AUTONOMO LTDA,Ativa,http://cnpj.biz/44.468.871/0001-00,Ativa
44.386.606/0001-82,"M.S. PRIME TECNOLOGIA, COMERCIO E SERVICO PARA CELULARES LTDA,Ativa",http://cnpj.biz/44.386.606/0001-82,cl  verd,Ativa
42.642.383/0001-41,KAVERNA MOTOS LTDA,Ativa,http://cnpj.biz/42.642.383/0001-41,Ativa
41.831.415/0001-94,RENAN ARAGUARY AYRES DO NASCIMENTO,Ativa,http://cnpj.biz/41.831.415/0001-94,---,
44.546.758/0001-03,PICKUP SHOW LTDA,Ativa,http://cnpj.biz/44.546.758/0001-03,--,
28.736.107/0002-00,OTICA WW PRODUTOS OPTICOS LTDA,Ativa,http://cnpj.biz/28.736.107/0002-00,Ativa
41.764.094/0001-52,FERNANDO ALVES PETRY,Ativa,http://cnpj.biz/41.764.094/0001-52,Ativa
42.544.045/0001-77,ARMANDO SELL'S LTDA,Ativa,http://cnpj.biz/42.544.045/0001-77,Ativa
41.928.005/0001-66,CARE GLOVES COMERCIO DE EQUIPAMENTOS DE SEGURANCA LTDA,Ativa,http://cnpj.biz/41.928.005/0001-66,Ativa
41.931.012/0001-17,BIN COMERCIO DE FRIOS E LATICINIOS LTDA,Ativa,http://cnpj.biz/41.931.012/0001-17,Ativa
44.165.415/0001-90,MOREIRA CHOPP COMERCIO DE BEBIDAS LTDA,Ativa,http://cnpj.biz/44.165.415/0001-90,Ativa
41.229.776/0001-65,AROMAS BRASIL LTDA,Ativa,http://cnpj.biz/41.229.776/0001-65,Ativa
42.016.610/0001-23,M. S. CASA DE RACOES LTDA,Ativa,http://cnpj.biz/42.016.610/0001-23,Ativa
41.843.698/0001-94,TEIXEIRA & NUNES MOVEIS E COLCHOES LTDA,Ativa,http://cnpj.biz/41.843.698/0001-94,--,
41.263.899/0001-12,DIONIR MORGEROT COMERCIO DE ALIMENTOS,Ativa,http://cnpj.biz/41.263.899/0001-12,Ativa
36.231.299/0002-13,B. CORDEIRO COMERCIO DE VEICULOS LTDA,Ativa,http://cnpj.biz/36.231.299/0002-13,Ativa
44.404.650/0001-78,MESQUITA COMERCIO E SERVICOS LTDA,Ativa,http://cnpj.biz/44.404.650/0001-78,Ativa
41.863.095/0001-54,BELLO'S COMERCIO DE TECIDOS E ARMARINHOS LTDA,Ativa,http://cnpj.biz/41.863.095/0001-54,Ativa
42.712.894/0001-92,AVIARIO E PET SHOP SCARANTE LTDA,Ativa,http://cnpj.biz/42.712.894/0001-92,Ativa
43.134.552/0001-03,ALP COMERCIO DE PRODUTOS PARA SAUDE LTDA,Ativa,http://cnpj.biz/43.134.552/0001-03,Ativa
41.173.186/0001-68,S S DISTRIBUIDORA DE SUBLIMACAO LTDA,Ativa,http://cnpj.biz/41.173.186/0001-68,d,Ativa
43.945.309/0001-67,FRUDECK AMS LTDA,Ativa,http://cnpj.biz/43.945.309/0001-67,--,
43.064.589/0001-02,KS TINTAS LTDA,Ativa,http://cnpj.biz/43.064.589/0001-02,Ativa
42.766.903/0001-28,DJP COMERCIO DE PRODUTOS ALIMENTICIOS LTDA,Ativa,http://cnpj.biz/42.766.903/0001-28,Ativa
43.262.892/0001-01,SS ALIMENTOS LTDA,Ativa,http://cnpj.biz/43.262.892/0001-01,--,
43.538.200/0001-05,A A C CORREA D2 VEICULOS PARTS,Ativa,http://cnpj.biz/43.538.200/0001-05,Ativa
43.687.509/0001-67,BLACK BEAR BEBIDAS E TABACARIA LTDA,Ativa,http://cnpj.biz/43.687.509/0001-67,Ativa
44.386.646/0001-24,ALLEGRA DECOR LTDA,Ativa,http://cnpj.biz/44.386.646/0001-24,Ativa
41.858.798/0001-94,JBR SORVETES E ALIMENTOS LTDA,Ativa,http://cnpj.biz/41.858.798/0001-94,Ativa
41.661.118/0001-48,NO PONTO BAR E DISTRIBUIDORA DE BEBIDAS LTDA,Ativa,http://cnpj.biz/41.661.118/0001-48,Ativa
43.877.432/0001-98,BOX SETE AUTOMOVEIS E SERVICOS LTDA,Ativa,http://cnpj.biz/43.877.432/0001-98,Ativa
43.542.757/0001-10,JCSS COMERCIO E SERVICO LTDA,Ativa,http://cnpj.biz/43.542.757/0001-10,Ativa
41.936.216/0001-40,GUILHERME BINDEMANN COMERCIAL LTDA,Ativa,http://cnpj.biz/41.936.216/0001-40,Ativa
41.039.184/0001-80,AG MOTORS VEICULOS LTDA,Ativa,http://cnpj.biz/41.039.184/0001-80,Ativa
43.912.398/0001-45,EDERSON MATOS TUBOS DE PAPEL LTDA,Ativa,http://cnpj.biz/43.912.398/0001-45,Ativa
43.014.816/0001-87,P H PETZA CALHAS,Ativa,http://cnpj.biz/43.014.816/0001-87,Ativa
42.780.522/0001-01,PROKAP CAPACHOS PERSONALIZADOS LTDA,Ativa,http://cnpj.biz/42.780.522/0001-01,--,
83.674.747/0002-33,DISTRIBUIDORA CATARINENSE DE ALIMENTOS LTDA,Ativa,http://cnpj.biz/83.674.747/0002-33,--,
41.398.034/0001-63,FRANCO COMERCIO DE PRODUTOS MEDICOS LTDA,Ativa,http://cnpj.biz/41.398.034/0001-63,--,
41.551.880/0001-71,RW MOTOS COMERCIO DE VEICULOS AUTOMOTIVOS LTDA.,Ativa,http://cnpj.biz/41.551.880/0001-71,---,
43.607.336/0001-20,JEAN CARLOS MARQUES CELULARES,Ativa,http://cnpj.biz/43.607.336/0001-20,Ativa
43.995.041/0001-78,DEXMONTE COMERCIO DE PECAS AUTOMOTIVAS LTDA,Ativa,http://cnpj.biz/43.995.041/0001-78,Ativa
43.740.197/0001-08,M H WEBER LTDA,Ativa,http://cnpj.biz/43.740.197/0001-08,Ativa
42.159.185/0001-21,KAIO HENRIQUE DOS SANTOS - SUPERMERCADO LTDA,Ativa,http://cnpj.biz/42.159.185/0001-21,Ativa
44.630.954/0001-53,K H M DA SILVA LTDA,Ativa,http://cnpj.biz/44.630.954/0001-53,Ativa
13.481.036/0002-67,D R M IVANSKI,Ativa,http://cnpj.biz/13.481.036/0002-67,Ativa
35.761.748/0003-53,VERARDO E ARENHART LOJA DE VARIEDADES LTDA,Ativa,http://cnpj.biz/35.761.748/0003-53,Ativa
41.150.031/0001-06,ANDRE MARCELO GOMES FORTES,Ativa,http://cnpj.biz/41.150.031/0001-06,Ativa
42.115.046/0001-04,MINITEX ECO ELETRONICOS COMERCIAL LTDA,Ativa,http://cnpj.biz/42.115.046/0001-04,Ativa
44.362.542/0001-80,SHOP-CWB ELETROELETRONICOS LTDA,Ativa,http://cnpj.biz/44.362.542/0001-80,Ativa
42.026.686/0001-30,EDVALDO CARNIELLI,Ativa,http://cnpj.biz/42.026.686/0001-30,Ativa
42.608.971/0001-69,MAGGI UNIFORMES LTDA,Ativa,http://cnpj.biz/42.608.971/0001-69,Ativa
43.328.576/0001-95,ALDS COMERCIO VAREJISTA ARTIGOS DO VESTUARIO LTDA,Ativa,http://cnpj.biz/43.328.576/0001-95,Ativa
42.897.339/0001-82,V8 COMERCIO DE BEBIDAS LTDA,Ativa,http://cnpj.biz/42.897.339/0001-82,Ativa
43.697.968/0001-21,BOLSA BEBE COMERCIO DE PRODUTOS INFANTIS LTDA,Ativa,http://cnpj.biz/43.697.968/0001-21,Ativa
43.673.422/0001-30,KME MOTORS COMERCIO DE VEICULOS LTDA,Ativa,http://cnpj.biz/43.673.422/0001-30,Ativa
42.597.991/0001-81,EMPORIO DAI LTDA,Ativa,http://cnpj.biz/42.597.991/0001-81,Ativa
42.254.307/0001-69,COMERCIO DE BEBIDAS SAIDEIRA LTDA,Ativa,http://cnpj.biz/42.254.307/0001-69,Ativa
42.468.273/0001-05,ROSA CALI SEMIJOIAS LTDA,Ativa,http://cnpj.biz/42.468.273/0001-05,Ativa
43.255.889/0001-60,IPIRANGA DISTRIBUIDORA LTDA,Ativa,http://cnpj.biz/43.255.889/0001-60,Ativa
42.003.424/0001-50,NEGOSEKI COMERCIO VAREJISTA DE BEBIDAS LTDA,Ativa,http://cnpj.biz/42.003.424/0001-50,Ativa
42.154.212/0001-73,ELEVEN ONE COMERCIO LTDA,Ativa,http://cnpj.biz/42.154.212/0001-73,Ativa
43.946.104/0001-04,PAPUM DISTRIBUIDORA DE BEBIDAS LTDA,Ativa,http://cnpj.biz/43.946.104/0001-04,Ativa
44.324.001/0001-67,D C DE LIMA JUNIOR LAVI DESIGN & COMERCIO LTDA,Ativa,http://cnpj.biz/44.324.001/0001-67,Ativa
43.116.894/0001-92,VELVET COMERCIAL LTDA,Ativa,http://cnpj.biz/43.116.894/0001-92,Ativa
43.092.654/0001-03,ISAGLASS COMERCIO DE VIDROS LTDA,Ativa,http://cnpj.biz/43.092.654/0001-03,celulae preto ,
43.669.777/0001-56,GIGA TECNOLOGIA LTDA,Ativa,http://cnpj.biz/43.669.777/0001-56,Ativa
41.682.829/0001-07,SELECT MARKET LTDA,Ativa,http://cnpj.biz/41.682.829/0001-07,Ativa
41.412.831/0001-58,ATTOS CAR MULTIMARCAS ADS LTDA,Ativa,http://cnpj.biz/41.412.831/0001-58,Ativa
41.649.843/0001-09,T4 ACESSORIOS E ARTIGOS PARA ESPORTE LTDA,Ativa,http://cnpj.biz/41.649.843/0001-09,Ativa
41.278.428/0001-88,PLC COMERCIO DE VESTUARIOS LTDA,Ativa,http://cnpj.biz/41.278.428/0001-88,Ativa
44.572.627/0001-92,LIVECWBBARIGUI ROUPAS ESPORTIVAS LTDA,Ativa,Ativa
41.394.201/0001-06,SANDRA LYRIO COMERCIO LTDA,Ativa,http://cnpj.biz/41.394.201/0001-06,Ativa
43.852.739/0001-34,SIDE STRIPE LTDA,Ativa,http://cnpj.biz/43.852.739/0001-34,Ativa
42.046.746/0001-86,HPA COMERCIO DE CARNES LTDA,Ativa,http://cnpj.biz/42.046.746/0001-86,Ativa
42.223.218/0001-55,CHELSEA COMERCIO DE CONFECCOES LTDA,Ativa,http://cnpj.biz/42.223.218/0001-55,Ativa
43.902.640/0001-08,COMERCIO ATACADISTA SG LTDA,Ativa,http://cnpj.biz/43.902.640/0001-08,Ativa
01.687.411/0005-93,KAZULLO INDUSTRIA E COMERCIO DE CONFECCOES LTDA,Ativa,http://cnpj.biz/01.687.411/0005-93,Ativa
42.000.771/0001-29,LA VIE FRAGRANCIAS E PRESENTES LTDA,Ativa,http://cnpj.biz/42.000.771/0001-29,Ativa
44.002.826/0001-65,OLIVEIRA DOMINHAKI COMERCIO E SERVICOS LTDA,Ativa,http://cnpj.biz/44.002.826/0001-65,----,
41.809.495/0001-81,NERO - COMERCIO DE VESTUARIO LTDA,Ativa,http://cnpj.biz/41.809.495/0001-81,--,
10.285.590/0348-51,GRUPO DE MODA SOMA SA,Ativa,http://cnpj.biz/10.285.590/0348-51,--,
21.636.358/0020-48,DS COMERCIO DE PNEUS LTDA,Ativa,http://cnpj.biz/21.636.358/0020-48,--,
43.117.161/0001-72,M G Z BARROS MGZ BARROS LTDA,Ativa,http://cnpj.biz/43.117.161/0001-72,--,
44.223.026/0001-74,CONERGE 004 FAAD ENERGY PLACAS FOTOVOLTAICAS SPE LTDA,Ativa,http://cnpj.biz/44.223.026/0001-74,--,
44.352.266/0001-79,TRIX MOTORS VEICULOS LTDA,Ativa,http://cnpj.biz/44.352.266/0001-79,Ativa
43.277.501/0001-22,S RIBEIRO,Ativa,http://cnpj.biz/43.277.501/0001-22,Ativa
41.697.179/0001-65,ISIQUIEL DIAS DA SILVA - COMERCIO DE SUCATAS LTDA,Ativa,http://cnpj.biz/41.697.179/0001-65,Ativa
42.777.646/0001-20,EMITTEX COMERCIO VAREJISTA LTDA,Ativa,http://cnpj.biz/42.777.646/0001-20,Ativa
41.866.612/0001-49,SOBERANA JOIAS LTDA,Ativa,http://cnpj.biz/41.866.612/0001-49,
42.712.122/0001-50,P E DMENGEON HORTIFRUTIGRANJEIRO,Ativa,http://cnpj.biz/42.712.122/0001-50,
43.157.918/0001-51,STAR MOTOS COMERCIO DE MOTOS LTDA,Ativa,http://cnpj.biz/43.157.918/0001-51,
43.985.889/0001-16,FRANCIELLE GONCALVES SANTOS LTDA,Ativa,http://cnpj.biz/43.985.889/0001-16,
43.995.593/0001-86,M I DISTRIBUIDORA DE BEBIDAS LTDA,Ativa,http://cnpj.biz/43.995.593/0001-86,
44.526.665/0001-09,4K PREMIUM COMERCIO DE ROUPAS LTDA,Ativa,http://cnpj.biz/44.526.665/0001-09,
44.414.413/0001-98,VINICIUS CUBAS SCHRAIBER DISTRIBUIDORA BEBIDAS,Ativa,http://cnpj.biz/44.414.413/0001-98,
43.249.355/0001-21,COQUEIROS ICE COMERCIO DE PRODUTOS ALIMENTICIOS LTDA,Ativa,http://cnpj.biz/43.249.355/0001-21,
43.581.288/0001-48,FRANCIELLE DE ANDRADE LTDA,Ativa,http://cnpj.biz/43.581.288/0001-48,
42.313.849/0001-65,VALOR FERTIL COMERCIO DE ACIDO HUMICO E FULVICO LTDA,Ativa,http://cnpj.biz/42.313.849/0001-65,
43.056.672/0001-21,VOLKS ANTIGOS ACESSORIOS LTDA,Ativa,http://cnpj.biz/43.056.672/0001-21,
43.383.862/0001-53,JJ COMERCIO DE MOVEIS LTDA,Ativa,http://cnpj.biz/43.383.862/0001-53,
43.307.900/0001-99,A DA SILVA PEREIRA BEBIDAS,Ativa,http://cnpj.biz/43.307.900/0001-99,
42.835.886/0001-33,MADE IN BRAZIL COMERCIO E REPRESENTACOES LTDA,Ativa,http://cnpj.biz/42.835.886/0001-33,
43.252.916/0001-41,VITOR LUIZ DA S CAES COMERCIO DE MATERIAIS CONSTRUCAO,Ativa,http://cnpj.biz/43.252.916/0001-41,
43.662.565/0001-47,DOIS IRMAOS COMERCIO DE FRUTAS E VERDURAS LTDA,Ativa,http://cnpj.biz/43.662.565/0001-47,
43.804.920/0001-75,CHARM PRATAS PERSONALIZADAS LTDA,Ativa,http://cnpj.biz/43.804.920/0001-75,
44.155.051/0001-68,LUCAS GOSTENSKI BARBOSA LTDA,Ativa,http://cnpj.biz/44.155.051/0001-68,
44.096.111/0001-19,SALES BIKE CENTER LTDA,Ativa,http://cnpj.biz/44.096.111/0001-19,
44.164.637/0001-99,R A CALCADOS LTDA,Ativa,http://cnpj.biz/44.164.637/0001-99,
41.981.735/0001-20,LM MODAS LTDA,Ativa,http://cnpj.biz/41.981.735/0001-20,
41.949.591/0001-25,VANDAMARA COZER COMERCIO DE ROUPAS LTDA,Ativa,http://cnpj.biz/41.949.591/0001-25,
34.663.487/0004-57,GAROTAS FASHION COMERCIO VAREJISTA DE ARTIGOS DO VESTUARIO LTDA,Ativa,http://cnpj.biz/34.663.487/0004-57,
28.907.503/0002-45,PINGO DOCE - COMERCIO DE ALIMENTOS LTDA,Ativa,http://cnpj.biz/28.907.503/0002-45,
41.189.521/0001-16,EDSON DOMINGOS DE MORAES,Ativa,http://cnpj.biz/41.189.521/0001-16,
42.120.982/0001-03,L. E. SZOLOMICKI COMERCIO DE BEBIDAS,Ativa,http://cnpj.biz/42.120.982/0001-03,
42.071.304/0001-90,M2 COMERCIO DE BEBIDAS LTDA,Ativa,http://cnpj.biz/42.071.304/0001-90,
44.265.039/0001-06,TAREK COMERCIO DE ROUPAS LTDA,Ativa,http://cnpj.biz/44.265.039/0001-06,
43.719.502/0001-80,ACCV MOTORS LTDA,Ativa,http://cnpj.biz/43.719.502/0001-80,
43.666.273/0001-82,BOUTIQUE AZUL JEANS LTDA,Ativa,http://cnpj.biz/43.666.273/0001-82,
41.910.899/0001-67,OCCHI COMERCIO DE ROUPAS E ACESSORIOS LTDA,Ativa,http://cnpj.biz/41.910.899/0001-67,
42.425.574/0002-32,L A BORGES TINTAS E MATERIAIS DE CONSTRUCAO LTDA,Ativa,http://cnpj.biz/42.425.574/0002-32,
42.965.629/0001-16,AVIPETS AVIARIO E PET SHOP LTDA,Ativa,http://cnpj.biz/42.965.629/0001-16,
43.811.598/0001-01,ALINE EVELYN DE CRISTO,Ativa,http://cnpj.biz/43.811.598/0001-01,
43.553.979/0001-38,ECOMMERCE CURITIBA LTDA,Ativa,http://cnpj.biz/43.553.979/0001-38,
43.400.609/0001-60,NY COMERCIO DE PRODUTOS OPTICOS LTDA,Ativa,http://cnpj.biz/43.400.609/0001-60,
43.387.904/0001-24,A S MULTIMARCAS LTDA,Ativa,http://cnpj.biz/43.387.904/0001-24,
42.891.535/0001-40,CASA DE CARNES BUTCHERS PRIME LTDA,Ativa,http://cnpj.biz/42.891.535/0001-40,
43.287.546/0001-88,EXCLUSIVA MORENA CALCADOS LTDA,Ativa,http://cnpj.biz/43.287.546/0001-88,
44.692.205/0001-50,SILVA E ANDRADE DISTRIBUIDORA DE BEBIDAS LTDA,Ativa,http://cnpj.biz/44.692.205/0001-50,
41.280.064/0001-70,PITBULL DISTRIBUIDORA DE BEBIDAS LTDA,Ativa,http://cnpj.biz/41.280.064/0001-70,
41.195.498/0001-72,E. A. S - COMERCIO DE PNEUMATICOS LTDA.,Ativa,http://cnpj.biz/41.195.498/0001-72,
41.140.836/0001-79,MARIANO COMERCIO DE ROUPAS LTDA,Ativa,http://cnpj.biz/41.140.836/0001-79,
41.721.324/0001-04,TANGARA AVIARIO LTDA,Ativa,http://cnpj.biz/41.721.324/0001-04,
42.954.720/0001-36,ALES BEER LTDA,Ativa,http://cnpj.biz/42.954.720/0001-36,
42.950.651/0001-92,RPO COMERCIO DE EQUIPAMENTOS ELETRONICOS LTDA,Ativa,http://cnpj.biz/42.950.651/0001-92,
42.664.270/0001-47,R R DE OLIVEIRA LOJA VIRTUAL,Ativa,http://cnpj.biz/42.664.270/0001-47,
42.015.135/0001-70,BRUNA KOSTIANOVICZ DE OLIVEIRA,Ativa,http://cnpj.biz/42.015.135/0001-70,
41.590.705/0001-93,G V O LIMPEZA E HIGIENE LTDA,Ativa,http://cnpj.biz/41.590.705/0001-93,
43.271.010/0001-74,CG COMERCIO DE SUCATAS LTDA,Ativa,http://cnpj.biz/43.271.010/0001-74,
43.544.131/0001-42,EDUARDO LUCIANO CELULARES,Ativa,http://cnpj.biz/43.544.131/0001-42,
44.217.296/0001-72,A M ZANONA SERVICOS E COMERCIO DE AUTO PECAS,Ativa,http://cnpj.biz/44.217.296/0001-72,
43.760.726/0001-35,CAMILO COMERCIO DE CARNES LTDA,Ativa,http://cnpj.biz/43.760.726/0001-35,
44.315.812/0001-00,TIAGO ERIKE PEREIRA ,Ativa,http://cnpj.biz/44.315.812/0001-00,
44.476.072/0001-85,F Z MENDES EMBALAGENS DE PAPEL,Ativa,http://cnpj.biz/44.476.072/0001-85,
42.399.641/0001-00,QUATI BABY COMERCIO DE ARTIGO DO VESTUARIO INFANTIL LTDA,Ativa,http://cnpj.biz/42.399.641/0001-00,
43.404.494/0001-82,R Q CERVEJAS ARTESANAIS E VINHOS LTDA,Ativa,http://cnpj.biz/43.404.494/0001-82,
42.745.058/0001-04,FRESH EXPRESS LTDA,Ativa,http://cnpj.biz/42.745.058/0001-04,
41.598.462/0001-30,DMD COMERCIO DE BEBIDAS LTDA,Ativa,http://cnpj.biz/41.598.462/0001-30,
41.339.711/0001-72,J. C. SIQUEIRA DOS SANTOS FERRAGENS,Ativa,http://cnpj.biz/41.339.711/0001-72,
44.215.474/0001-26,A DE S B DIAS,Ativa,http://cnpj.biz/44.215.474/0001-26,
41.433.226/0001-63,JARDINS SUPERMERCADOS LTDA,Ativa,http://cnpj.biz/41.433.226/0001-63,
44.413.056/0001-43,DESTAQUE INTERMEDIACOES LTDA,Ativa,http://cnpj.biz/44.413.056/0001-43,
44.461.215/0001-85,LFCM CANDY STORE COMERCIO E CONFECCAO DE ROUPAS LIMITADA,Ativa,http://cnpj.biz/44.461.215/0001-85,
43.782.826/0001-62,SEMIJOIAS CURITIBA LTDA,Ativa,http://cnpj.biz/43.782.826/0001-62,
43.655.607/0001-12,DENGUINHO MEGA STORE LTDA,Ativa,http://cnpj.biz/43.655.607/0001-12,
44.190.217/0001-87,MULTIPACK SOLUCOES LTDA,Ativa,http://cnpj.biz/44.190.217/0001-87,
42.350.412/0001-00,C PHARMA LTDA,Ativa,http://cnpj.biz/42.350.412/0001-00,
42.320.400/0001-24,MERCADO OLA LTDA,Ativa,http://cnpj.biz/42.320.400/0001-24,
44.061.452/0001-59,RODRIGO RIMANSKI AUTOPECAS LTDA,Ativa,http://cnpj.biz/44.061.452/0001-59,
43.981.568/0001-43,DELCAR MULTIMARCAS LTDA,Ativa,http://cnpj.biz/43.981.568/0001-43,
44.334.082/0001-86,MISIAK AUTO CENTER LTDA,Ativa,http://cnpj.biz/44.334.082/0001-86,
43.809.837/0001-99,IP CTBA LTDA,Ativa,http://cnpj.biz/43.809.837/0001-99,
41.637.789/0001-73,LEMOS E DOS ANJOS PROMOCAO DE VENDAS LTDA,Ativa,http://cnpj.biz/41.637.789/0001-73,
42.839.339/0001-26,MWR MOTORS LTDA,Ativa,http://cnpj.biz/42.839.339/0001-26,
43.060.039/0001-07,T S NASSER,Ativa,http://cnpj.biz/43.060.039/0001-07,
44.659.089/0001-78,MV IMPORTS LTDA,Ativa,http://cnpj.biz/44.659.089/0001-78,
41.598.265/0001-10,IURK COMERCIO DE VEICULOS LTDA,Ativa,http://cnpj.biz/41.598.265/0001-10,
44.175.525/0001-33,IMPERIUM LTDA,Ativa,http://cnpj.biz/44.175.525/0001-33,
42.292.689/0001-15,TRATUS MODA INTIMA LTDA,Ativa,http://cnpj.biz/42.292.689/0001-15,
42.570.438/0001-55,ENVIRONTECH EQUIPAMENTOS LTDA,Ativa,http://cnpj.biz/42.570.438/0001-55,
42.000.301/0001-65,FONTANA & VERCELINO LTDA,Ativa,http://cnpj.biz/42.000.301/0001-65,
41.548.647/0001-30,E. J. FERRAZ COMERCIO DE BEBIDAS LTDA,Ativa,http://cnpj.biz/41.548.647/0001-30,
43.595.593/0001-99,VEST BY TECH - ARTIGOS TERAPEUTICOS LTDA,Ativa,http://cnpj.biz/43.595.593/0001-99,
44.340.687/0001-80,ARTI COMERCIO VIRTUAL DO BRASIL LTDA,Ativa,http://cnpj.biz/44.340.687/0001-80,
42.438.840/0001-80,MERCADO ADAMS LTDA,Ativa,http://cnpj.biz/42.438.840/0001-80,
44.378.249/0001-00,"HEY, YOU COSMETICOS LTDA,Ativa",http://cnpj.biz/44.378.249/0001-00,
28.440.515/0006-36,S R F COMERCIO DE MOVEIS LTDA,Ativa,http://cnpj.biz/28.440.515/0006-36,
43.667.564/0001-95,BIBIVIAMORE COMERCIO DE COLCHOES E ACESSORIOS LTDA,Ativa,http://cnpj.biz/43.667.564/0001-95,
41.497.989/0001-78,ARIANE DE MOURA COMERCIO DE COLCHOES E ARTIGOS HOSPITALARES LTDA,Ativa,http://cnpj.biz/41.497.989/0001-78,
42.041.868/0001-80,MVV HORTIFRUTIGRANJEIROS LTDA,Ativa,http://cnpj.biz/42.041.868/0001-80,
42.303.519/0001-99,ARTHORIUS MAXIMUS PERFUMARIA LTDA,Ativa,http://cnpj.biz/42.303.519/0001-99,
44.340.120/0001-03,DOLINI COMERCIO DE SORVETES LTDA,Ativa,http://cnpj.biz/44.340.120/0001-03,
42.063.608/0001-05,SORVETES LAVANDA LTDA,Ativa,http://cnpj.biz/42.063.608/0001-05,
43.600.937/0001-00,POTULSKI DISTRIBUIDORA DE PRODUTOS PET LTDA,Ativa,http://cnpj.biz/43.600.937/0001-00,
41.071.076/0001-95,WM BIKE STORE LTDA,Ativa,http://cnpj.biz/41.071.076/0001-95,
44.049.511/0001-73,CPAP MAP COMERCIO ELETRONICO DE EQUIPAMENTOS MEDICOS LTDA,Ativa,http://cnpj.biz/44.049.511/0001-73,
44.033.036/0001-47,CPAP VAP COMERCIO ELETRONICO DE EQUIPAMENTOS MEDICOS LTDA,Ativa,http://cnpj.biz/44.033.036/0001-47,
41.573.102/0001-83,BIOPAN COMERCIO ATACADISTA DE ALIMENTOS DE PANIFICACAO E CONFEITARIA LTDA,Ativa,http://cnpj.biz/41.573.102/0001-83,
43.992.741/0001-09,GLOW HALF COMERCIO E SERVICOS LTDA,Ativa,http://cnpj.biz/43.992.741/0001-09,
42.560.818/0001-09,A.L. MIQUELETO GRAMA E TERRA,Ativa,http://cnpj.biz/42.560.818/0001-09,
41.357.821/0001-67,F. MENDES COMERCIO VAREJISTA DE CORTINAS LTDA,Ativa,http://cnpj.biz/41.357.821/0001-67,
41.905.104/0001-22,CLN MASTER PHONES COMERCIO DE ELETRONICOS LTDA,Ativa,http://cnpj.biz/41.905.104/0001-22,
42.903.373/0001-12,LONDON AMBIENTES LTDA,Ativa,http://cnpj.biz/42.903.373/0001-12,
42.965.248/0001-37,LZ GOURMET LTDA,Ativa,http://cnpj.biz/42.965.248/0001-37,
43.049.974/0001-72,DZK ARTIGOS PARA CICLISMO LTDA,Ativa,http://cnpj.biz/43.049.974/0001-72,
44.541.974/0001-58,UP BIKE ARTIGOS PARA CICLISMO LTDA,Ativa,http://cnpj.biz/44.541.974/0001-58,
01.393.849/0004-88,HOMEOFARMACIA HOMEOPATIA E MANIPULACAO LTDA,Ativa,http://cnpj.biz/01.393.849/0004-88,
41.812.537/0001-33,WR COMERCIO DE BEBIDAS LTDA,Ativa,http://cnpj.biz/41.812.537/0001-33,
41.324.721/0001-34,AUTO CAR CWB LTDA,Ativa,http://cnpj.biz/41.324.721/0001-34,
41.367.824/0001-81,AJX MANUTENCAO E REPARACAO LTDA,Ativa,http://cnpj.biz/41.367.824/0001-81,
42.378.347/0001-12,PITOCO BRECHO INFANTIL LTDA,Ativa,http://cnpj.biz/42.378.347/0001-12,
44.251.714/0001-48,TULE HOME DECOR LTDA,Ativa,http://cnpj.biz/44.251.714/0001-48,
41.572.449/0001-01,MITH 3D IMPRESSOES LTDA,Ativa,http://cnpj.biz/41.572.449/0001-01,
03.020.689/0005-38,PRIMA COMERCIO DE MATERIAIS ARTISTICOS LTDA,Ativa,http://cnpj.biz/03.020.689/0005-38,
41.195.086/0001-32,ARRUDA COMERCIO DE GAS E BEBIDAS LTDA,Ativa,http://cnpj.biz/41.195.086/0001-32,
42.325.110/0001-73,LUIZ CLAUDIOMIRO ZAMPIERI COMERCIO E SERVICOS INDUSTRIAIS,Ativa,http://cnpj.biz/42.325.110/0001-73,
41.987.507/0001-68,SOLLUS SOLUCAO EM HIGIENE LTDA,Ativa,http://cnpj.biz/41.987.507/0001-68,
42.130.413/0001-30,DISTRIBUIDORA DE BEBIDAS BAH LTDA,Ativa,http://cnpj.biz/42.130.413/0001-30,
42.825.546/0001-21,RO TORTELLI TRICOS INVERNO E VERAO LTDA,Ativa,http://cnpj.biz/42.825.546/0001-21,
41.178.940/0001-52,LAGO & DE LIMA COMERCIO DE ARTIGOS DO VESTUARIO LTDA,Ativa,http://cnpj.biz/41.178.940/0001-52,
43.311.442/0001-61,LE PAPELARIA E PRESENTES LTDA,Ativa,http://cnpj.biz/43.311.442/0001-61,
43.410.052/0001-49,MILKA PET COMERCIO DE PRODUTOS ANIMAIS LTDA,Ativa,http://cnpj.biz/43.410.052/0001-49,
42.817.302/0001-05,MAYER PRODUTOS E ACESSORIOS CIRURGICOS LTDA,Ativa,http://cnpj.biz/42.817.302/0001-05,
43.212.353/0001-68,FAHRT LTDA,Ativa,http://cnpj.biz/43.212.353/0001-68,
42.710.409/0001-41,LANSTOC COMERCIO DE MATERIAL ELETRICO LTDA,Ativa,http://cnpj.biz/42.710.409/0001-41,
31.612.854/0002-33,WINE NOT - COMERCIO DE BEBIDAS LTDA,Ativa,http://cnpj.biz/31.612.854/0002-33,
43.296.980/0001-24,CAPACHO EXPRESS COMERCIO DE TAPETES E CAPACHOS LTDA,Ativa,http://cnpj.biz/43.296.980/0001-24,
41.919.890/0001-17,RAV TECNOLOGIA E PRODUTOS AUTOMOTIVOS LTDA,Ativa,http://cnpj.biz/41.919.890/0001-17,
43.078.326/0001-44,VENUS FITNESS COMERCIO DE ROUPAS DE ARTIGOS ESPORTIVOS LTDA,Ativa,http://cnpj.biz/43.078.326/0001-44,
41.359.224/0001-71,L MARIA GOUVEIA ENXOVAIS,Ativa,http://cnpj.biz/41.359.224/0001-71,
44.133.818/0001-58,YABA LTDA,Ativa,http://cnpj.biz/44.133.818/0001-58,
44.356.504/0001-14,MM COMERCIO DE BOLSAS E ACESSORIOS LTDA,Ativa,http://cnpj.biz/44.356.504/0001-14,
43.663.740/0001-10,TRUST MED FARMACIA DE MANIPULACAO SOCIEDADE UNIPESSOAL LTDA,Ativa,http://cnpj.biz/43.663.740/0001-10,
43.109.224/0001-49,AK SERVICOS E VENDA DE EQUIPAMENTOS LTDA,Ativa,http://cnpj.biz/43.109.224/0001-49,
41.824.728/0001-15,EVA- AGRICULTURA URBANA LTDA,Ativa,http://cnpj.biz/41.824.728/0001-15,
44.564.352/0001-45,TENDZ LTDA,Ativa,http://cnpj.biz/44.564.352/0001-45,
44.139.151/0001-09,TIGER COMERCIO DE EMBALAGENS LTDA,Ativa,http://cnpj.biz/44.139.151/0001-09,
41.147.202/0001-48,PRINCESA COMERCIO DE PRODUTOS ARTESANAIS LTDA,Ativa,http://cnpj.biz/41.147.202/0001-48,
41.075.159/0001-52,TECH BOOSTER COMERCIO E SERVICOS LTDA,Ativa,http://cnpj.biz/41.075.159/0001-52,
42.995.989/0001-60,LEON COMERCIO DE VEICULOS LTDA,Ativa,http://cnpj.biz/42.995.989/0001-60,
41.420.062/0001-30,BIDALU COMERCIO DE ROUPAS E PRESENTES LTDA,Ativa,http://cnpj.biz/41.420.062/0001-30,
42.168.640/0001-55,TRICOPEDIA CURSOS E COMERCIO DE ARMARINHOS LTDA,Ativa,http://cnpj.biz/42.168.640/0001-55,
43.975.714/0001-28,IPLAY COMERCIO DE COLECIONAVEIS LTDA,Ativa,http://cnpj.biz/43.975.714/0001-28,
44.564.525/0001-25,KEPECAS COMERCIO DE PECAS AUTOMOTIVAS LTDA,Ativa,http://cnpj.biz/44.564.525/0001-25,
44.365.487/0001-81,RIC DISTRIBUIDORA LTDA,Ativa,http://cnpj.biz/44.365.487/0001-81,
44.246.204/0001-82,MAESTRO MULTIMARCAS LTDA,Ativa,http://cnpj.biz/44.246.204/0001-82,
43.849.927/0001-03,L E MANUTENCAO DE COMPUTADORES LTDA,Ativa,http://cnpj.biz/43.849.927/0001-03,
41.957.169/0001-11,MTOS O IMPERADOR DOS COSMETICOS LTDA,Ativa,http://cnpj.biz/41.957.169/0001-11,
42.363.361/0001-42,PLANTARE CONSULTORIA E COMERCIO LTDA,Ativa,http://cnpj.biz/42.363.361/0001-42,
43.687.348/0001-01,JP VAREJISTA LTDA,Ativa,http://cnpj.biz/43.687.348/0001-01,
42.508.347/0001-90,TERRA SUL AGRONEGOCIO LTDA,Ativa,http://cnpj.biz/42.508.347/0001-90,
43.531.373/0001-00,"TORK DESMANCHE E COMERCIO DE PECAS, PARTES E ACESSORIOS DE VEICULOS USADOS LTDA,Ativa",http://cnpj.biz/43.531.373/0001-00,
44.334.713/0001-67,VM ESPORTES LTDA,Ativa,http://cnpj.biz/44.334.713/0001-67,
43.636.374/0001-00,PRINTER CLOUD APLICATIVOS INTEGRADOS LTDA,Ativa,http://cnpj.biz/43.636.374/0001-00,
41.454.348/0001-36,IMPORT - R3 COMERCIO DE PRODUTOS DE HIGIENE E DESCARTAVEIS LTDA,Ativa,http://cnpj.biz/41.454.348/0001-36,
44.002.325/0001-89,DC COMERCIO E IMPORTACAO DE BEBIDAS LTDA,Ativa,http://cnpj.biz/44.002.325/0001-89,
41.513.801/0001-38,BERAMAR DISTRIBUIDORA LTDA,Ativa,http://cnpj.biz/41.513.801/0001-38,
44.640.931/0001-20,ANGELA RIBEIRO DA LUZ LTDA,Ativa,http://cnpj.biz/44.640.931/0001-20,
42.736.057/0001-01,N. A. COMERCIO DE PECAS E ACESSORIOS INDUSTRIAIS LTDA,Ativa,http://cnpj.biz/42.736.057/0001-01,
44.375.560/0001-04,F G R DE BARROS - OPEN THE BOX,Ativa,http://cnpj.biz/44.375.560/0001-04,
42.687.678/0001-34,CORAL DISTRIBUIDORA DE PECAS LTDA,Ativa,http://cnpj.biz/42.687.678/0001-34,
41.751.556/0001-05,BOM GAS COMERCIO DE GAS LIQUEFEITO DE PETROLEO LTDA,Ativa,http://cnpj.biz/41.751.556/0001-05,
43.870.628/0001-50,A CORREIA COMERCIO DE MATERIAIS DE CONSTRUCAO E PISCINAS,Ativa,http://cnpj.biz/43.870.628/0001-50,
43.786.619/0001-86,TECSYSTEM SOLUCOES EM HIGIENIZACAO LTDA,Ativa,http://cnpj.biz/43.786.619/0001-86,
42.443.429/0001-01,VICTOR GALISA DOS SANTOS LTDA,Ativa,http://cnpj.biz/42.443.429/0001-01,
30.328.472/0003-09,SACOLAO CAPITAL COMERCIO DE HORTIFRUTI LTDA,Ativa,http://cnpj.biz/30.328.472/0003-09,
42.648.225/0001-07,BELETI COMERCIO DE VEICULOS LTDA,Ativa,http://cnpj.biz/42.648.225/0001-07,
44.103.709/0001-98,CRISTIANO SIMER DE RAMOS RECICLAGEM,Ativa,http://cnpj.biz/44.103.709/0001-98,
42.344.413/0001-33,JOSE LUIZ MAROCHI ,Ativa,http://cnpj.biz/42.344.413/0001-33,
41.575.407/0001-24,DISTRIBUIDORA BOM DE GAS LTDA,Ativa,http://cnpj.biz/41.575.407/0001-24,
43.577.075/0001-42,N S PITON COMERCIO DE ARTIGOS DO VESTUARIO LTDA,Ativa,http://cnpj.biz/43.577.075/0001-42,
41.702.265/0001-19,EDIVAL CARDOSO GONCALVES ,Ativa,http://cnpj.biz/41.702.265/0001-19,
43.768.455/0001-64,ANA R BEMBEM MERCEARIA E ARMAZEM,Ativa,http://cnpj.biz/43.768.455/0001-64,
41.612.346/0001-28,J & R PAPELARIA E VARIEDADES LTDA,Ativa,http://cnpj.biz/41.612.346/0001-28,
03.853.867/0002-69,PIEROBOM COMERCIO DE SEMIJOIAS LTDA,Ativa,http://cnpj.biz/03.853.867/0002-69,
41.228.741/0001-01,RONIVAN MENDES PINHEIRO LOPES LTDA,Ativa,http://cnpj.biz/41.228.741/0001-01,
41.124.518/0001-14,AFC HORTIFRUTIGRANJEIROS LTDA,Ativa,http://cnpj.biz/41.124.518/0001-14,
42.524.428/0001-83,LAIA COMERCIO DE PRODUTOS ALIMENTICIOS LTDA,Ativa,http://cnpj.biz/42.524.428/0001-83,
44.057.706/0001-65,J. A SOUZA MOVEIS PLANEJADOS LTDA,Ativa,http://cnpj.biz/44.057.706/0001-65,
43.849.049/0001-26,FERNANDINHO COMERCIO DE BEBIDAS LTDA,Ativa,http://cnpj.biz/43.849.049/0001-26,
42.272.084/0001-62,COMPANY INOX ASER LTDA,Ativa,http://cnpj.biz/42.272.084/0001-62,
43.921.019/0001-83,COMERCIO FIX LTDA,Ativa,http://cnpj.biz/43.921.019/0001-83,
30.178.873/0002-30,J. R. DEL GROSSI COMERCIO,Ativa,http://cnpj.biz/30.178.873/0002-30,
42.746.988/0001-82,LINEA COMERCIO DE COMPONENTES ELETRONICOS LTDA,Ativa,http://cnpj.biz/42.746.988/0001-82,
44.180.547/0001-91,NIEHUES MODA PRAIA E FITNESS LTDA,Ativa,http://cnpj.biz/44.180.547/0001-91,
42.598.586/0001-88,LUCIANE SANTANA,Ativa,http://cnpj.biz/42.598.586/0001-88,
42.929.217/0001-20,LYNX AIR COMERCIO DE PECAS LTDA,Ativa,http://cnpj.biz/42.929.217/0001-20,
43.925.725/0001-01,ROSAS DE SAL LTDA,Ativa,http://cnpj.biz/43.925.725/0001-01,
41.174.008/0001-51,JARDIM 420 LTDA,Ativa,http://cnpj.biz/41.174.008/0001-51,
41.702.510/0001-98,MTG COMERCIO DE JOGOS E ENTRETENIMENTOS LTDA,Ativa,http://cnpj.biz/41.702.510/0001-98,
42.065.804/0001-19,CENTRAL OLEO AUTO COMERCIO DE LUBRIFICANTES LTDA,Ativa,http://cnpj.biz/42.065.804/0001-19,
41.148.980/0001-51,INOVE COMERCIO DE PRODUTOS TECNOLOGICOS LTDA,Ativa,http://cnpj.biz/41.148.980/0001-51,
41.429.425/0001-06,CONSTTELART PRODUTOS & ACESSORIOS LTDA,Ativa,http://cnpj.biz/41.429.425/0001-06,
43.429.917/0001-19,OBBY COMERCIO DE ALIMENTOS SAUDAVEIS LTDA,Ativa,http://cnpj.biz/43.429.917/0001-19,
42.455.571/0001-60,GOTTEC IMPORTADORA LTDA,Ativa,http://cnpj.biz/42.455.571/0001-60,
43.517.863/0001-43,K.STONE MARBLE E DESIGN LTDA,Ativa,http://cnpj.biz/43.517.863/0001-43,
44.430.492/0001-20,BCA COMERCIO DE PRODUTOS PARA A SAUDE LTDA,Ativa,http://cnpj.biz/44.430.492/0001-20,
41.858.216/0001-70,F.P.H. MATERIAIS DE CONSTRUCAO LTDA,Ativa,http://cnpj.biz/41.858.216/0001-70,
42.090.135/0001-35,RAFAEL DOS SANTOS MEDEIROS COMERCIO VAREJISTA E REPRESENTANTE COMERCIAL DE PECAS AUTOMOTIVAS NOVAS E USADAS LTDA,Ativa,http://cnpj.biz/42.090.135/0001-35,N°,498,-,CURITIBA,-,PR
42.591.650/0001-07,HELP GLASS VIDRACARIA LTDA,Ativa,http://cnpj.biz/42.591.650/0001-07,
33.103.305/0002-69,REFRISELL COMERCIO DE EQUIPAMENTOS PARA REFRIGERACAO LTDA,Ativa,http://cnpj.biz/33.103.305/0002-69,
43.427.873/0001-98,"LOW PRESSURE COMERCIO, ENSINO E PRODUCAO AUDIOVISUAL LTDA,Ativa",http://cnpj.biz/43.427.873/0001-98,
41.191.276/0001-81,MTM DISTRIBUIDORA DE BEBIDAS LTDA,Ativa,http://cnpj.biz/41.191.276/0001-81,
42.497.618/0001-59,MACLIMP LTDA,Ativa,http://cnpj.biz/42.497.618/0001-59,
44.681.598/0001-05,WINE SPIRIT LTDA,Ativa,http://cnpj.biz/44.681.598/0001-05,
42.910.772/0001-00,SS COMERCIO CRIATIVO LTDA,Ativa,http://cnpj.biz/42.910.772/0001-00,
43.882.676/0001-69,MF BOX 1 LTDA,Ativa,http://cnpj.biz/43.882.676/0001-69,
43.160.452/0001-43,KM FARAH LTDA,Ativa,http://cnpj.biz/43.160.452/0001-43,
43.130.817/0001-97,RE - COMMERCE LTDA,Ativa,http://cnpj.biz/43.130.817/0001-97,
42.722.999/0001-22,A. ROCHA TERASAKA COMERCIAL,Ativa,http://cnpj.biz/42.722.999/0001-22,
41.419.056/0001-62,JRA DISTRIBUIDORA DE PRODUTOS OPTICOS LTDA,Ativa,http://cnpj.biz/41.419.056/0001-62,
41.301.033/0001-59,NUTRION COMERCIO DE SUPLEMENTOS ALIMENTARES LTDA,Ativa,http://cnpj.biz/41.301.033/0001-59,
43.893.798/0001-50,PANQUECA E PIRULITO SUPPLIES E CURSOS ONLINE LTDA,Ativa,http://cnpj.biz/43.893.798/0001-50,
43.940.244/0001-67,NEW TAG INTERMEDIACAO DE NEGOCIOS LTDA,Ativa,http://cnpj.biz/43.940.244/0001-67,
42.031.125/0001-29,LEMON SOLUCOES PARA EVENTOS LTDA,Ativa,http://cnpj.biz/42.031.125/0001-29,
42.223.258/0001-05,CHERISH COMERCIO DE CONFECCOES LTDA,Ativa,http://cnpj.biz/42.223.258/0001-05,
22.487.757/0002-75,MEDSUL COMERCIO ATACADISTA DE EQUIPAMENTOS HOSPITALARES E DE LABORATORIOS LTDA,Ativa,http://cnpj.biz/22.487.757/0002-75,
41.390.920/0001-40,JM COMERCIO E INTERMEDIACAO LTDA,Ativa,http://cnpj.biz/41.390.920/0001-40,
44.439.504/0001-88,SMART PLACE CWB COMERCIO DE PRODUTOS DE AUTOMACAO RESIDENCIAL LTDA,Ativa,http://cnpj.biz/44.439.504/0001-88,
44.108.459/0001-89,RLF COMERCIO DE ROUPAS E ACESSORIOS LTDA,Ativa,http://cnpj.biz/44.108.459/0001-89,
43.945.449/0001-35,RKNOP COMERCIO DE INFORMATICA LTDA,Ativa,http://cnpj.biz/43.945.449/0001-35,
41.886.179/0001-03,MARCIANA MARIA MORESCO & CIA LTDA,Ativa,http://cnpj.biz/41.886.179/0001-03,
43.039.138/0001-07,FG ELETRICA & INFORMATICA LTDA,Ativa,http://cnpj.biz/43.039.138/0001-07,
43.648.209/0001-79,MALU COMERCIO E EXPORTACAO DE FRUTAS LTDA,Ativa,http://cnpj.biz/43.648.209/0001-79,
43.536.352/0001-79,MAXIMA COMERCIAL DE ALIMENTOS LTDA,Ativa,http://cnpj.biz/43.536.352/0001-79,
44.176.256/0001-20,EXPERIENCE BOX COMERCIO DE CHOCOLATE LTDA,Ativa,http://cnpj.biz/44.176.256/0001-20,
42.161.949/0001-13,MOTO4 COMERCIO E MANUTENCAO DE MOTOS LTDA,Ativa,http://cnpj.biz/42.161.949/0001-13,
44.014.571/0001-50,DAYENNE DAL TOSO DE RAMALHO VEICULOS,Ativa,http://cnpj.biz/44.014.571/0001-50,
41.850.444/0001-01,CAFE E CHOCOLATES CENTRO CIVICO LTDA,Ativa,http://cnpj.biz/41.850.444/0001-01,
43.623.189/0001-81,BATELCON CONSTRUTORA LTDA,Ativa,http://cnpj.biz/43.623.189/0001-81,
44.352.279/0001-48,ULTRAFERTIL FERTILIZANTES LTDA,Ativa,http://cnpj.biz/44.352.279/0001-48,
43.855.627/0001-37,NOVO TEMPO AUTO LTDA,Ativa,http://cnpj.biz/43.855.627/0001-37,
44.585.383/0001-82,RNH COMERCIO DE EMBALAGENS LTDA,Ativa,http://cnpj.biz/44.585.383/0001-82,
41.086.656/0001-56,NAWEB MULTIMARCAS LTDA,Ativa,http://cnpj.biz/41.086.656/0001-56,
42.950.481/0001-46,FRESH MARKET LTDA,Ativa,http://cnpj.biz/42.950.481/0001-46,
43.364.489/0001-93,BEVI EXPRESS MINI MERCADO LTDA,Ativa,http://cnpj.biz/43.364.489/0001-93,
41.382.395/0001-11,ECOLOGICOS COSMETICOS LTDA,Ativa,http://cnpj.biz/41.382.395/0001-11,
42.749.407/0001-66,R.J.B COMERCIO E SERVICOS DE FERRAGENS LTDA,Ativa,http://cnpj.biz/42.749.407/0001-66,
43.068.886/0001-18,IELETRON ELETRONICOS LTDA,Ativa,http://cnpj.biz/43.068.886/0001-18,
43.631.940/0001-91,BAGLAND COMERCIO DE MOCHILAS E ACESSORIOS LTDA,Ativa,http://cnpj.biz/43.631.940/0001-91,
41.906.284/0001-67,BILLY STORE COMERCIO DE AUTO PECAS E ELETRONICOS LTDA,Ativa,http://cnpj.biz/41.906.284/0001-67,
43.952.020/0001-75,CWB COMERCIO DE CONTAINERS LTDA,Ativa,http://cnpj.biz/43.952.020/0001-75,
41.087.037/0001-86,CEOLLI COMERCIO ELETRONICO LTDA,Ativa,http://cnpj.biz/41.087.037/0001-86,
41.142.416/0001-21,NATUCELLUS COMERCIO DE PRODUTOS NATURAIS LTDA,Ativa,http://cnpj.biz/41.142.416/0001-21,
44.039.620/0001-00,TPA GROUP DISTRIBUIDORA DE PECAS LTDA,Ativa,http://cnpj.biz/44.039.620/0001-00,
43.963.478/0001-20,ABC COMERCIAL DE ALIMENTOS LTDA,Ativa,http://cnpj.biz/43.963.478/0001-20,
44.247.612/0001-59,QOPH COMERCIO ELETRONICO LTDA,Ativa,http://cnpj.biz/44.247.612/0001-59,
43.309.168/0001-96,LAGO E TONSIG COMERCIO DE PRODUTOS NATURAIS LTDA,Ativa,http://cnpj.biz/43.309.168/0001-96,
44.564.642/0001-99,LOLLITHA KIDS E WOMAN LTDA,Ativa,http://cnpj.biz/44.564.642/0001-99,
44.652.492/0001-75,ELAINE MARTINS NOVELLO COMERCIO DE MOVEIS,Ativa,http://cnpj.biz/44.652.492/0001-75,
44.051.724/0001-30,AUTO JOTA COMERCIO DE VEICULOS LTDA,Ativa,http://cnpj.biz/44.051.724/0001-30,
44.405.586/0001-40,ARMAZEM SAO VICENTE LTDA,Ativa,http://cnpj.biz/44.405.586/0001-40,
44.116.542/0001-08,NEW HOPE COSMETICS LTDA,Ativa,http://cnpj.biz/44.116.542/0001-08,
43.163.332/0001-08,AV OFFICE MOVEIS CORPORATIVOS LTDA,Ativa,http://cnpj.biz/43.163.332/0001-08,
28.624.422/0002-38,VRX ABRASIVES COMERCIO DE ABRASIVOS LTDA,Ativa,http://cnpj.biz/28.624.422/0002-38,
42.544.378/0001-04,TAURA DISTRIBUIDORA DE EMBALAGENS LTDA,Ativa,http://cnpj.biz/42.544.378/0001-04,
41.614.450/0001-51,METAIS PIONEIRO LTDA,Ativa,http://cnpj.biz/41.614.450/0001-51,
41.562.705/0001-80,FUTURAMA DISTRIBUIDORA DE BEBIDAS LTDA,Ativa,http://cnpj.biz/41.562.705/0001-80,
42.909.139/0001-00,STALEIRINHO SPORTS LTDA,Ativa,http://cnpj.biz/42.909.139/0001-00,
42.227.054/0001-34,ROSELI DOMINGUES FERREIRA,Ativa,http://cnpj.biz/42.227.054/0001-34,
43.370.842/0001-48,CLAUDINEIA APARECIDA VIEIRA DA CRUZ DA SILVA,Ativa,http://cnpj.biz/43.370.842/0001-48,
42.098.990/0001-92,PROLICO PAPELARIA LTDA,Ativa,http://cnpj.biz/42.098.990/0001-92,
42.238.134/0001-95,MEEH & CO ARTIGOS DO VESTUARIO LTDA,Ativa,http://cnpj.biz/42.238.134/0001-95,
44.609.262/0001-23,GARAGEM 245 LTDA,Ativa,http://cnpj.biz/44.609.262/0001-23,
41.576.550/0001-30,LINAZZI TRANSMISSAO AUTOMATICA LTDA,Ativa,http://cnpj.biz/41.576.550/0001-30,
41.719.687/0001-05,PETROFORT PETROLEO MERCES LTDA,Ativa,http://cnpj.biz/41.719.687/0001-05,
42.107.424/0001-08,NSFW COMPRAS CORPOR,AtivaS LTDA,Ativa,http://cnpj.biz/42.107.424/0001-08,
41.943.024/0001-61,ALPAMAYO EQUIPAMENTOS ESPORTIVOS LTDA,Ativa,http://cnpj.biz/41.943.024/0001-61,
43.817.343/0001-56,FAMILIA MELCHIORETTO CACHACARIA LTDA,Ativa,http://cnpj.biz/43.817.343/0001-56,
43.176.484/0001-37,KAZI MOBILIARIO LTDA,Ativa,http://cnpj.biz/43.176.484/0001-37,
41.281.686/0001-13,FOOD 2 GO - MERCADO AUTONOMO LTDA,Ativa,http://cnpj.biz/41.281.686/0001-13,
43.286.159/0001-27,VARASCHIN DISTRIBUIDORA DE BEBIDAS LTDA,Ativa,http://cnpj.biz/43.286.159/0001-27,
43.151.097/0001-46,BEKZPOI ENGENHARIA E MANUTENCAO PREDIAL LTDA,Ativa,http://cnpj.biz/43.151.097/0001-46,
41.111.143/0001-58,LA BELLA COLCHOES E ESTOFADOS LTDA,Ativa,http://cnpj.biz/41.111.143/0001-58,
42.429.059/0001-40,BRANNA BIONI PADILHA,Ativa,http://cnpj.biz/42.429.059/0001-40,
44.002.070/0001-54,RAVIDD SAPATILHAS E ACESSORIOS LTDA,Ativa,http://cnpj.biz/44.002.070/0001-54,
44.405.255/0001-00,MERCADO E ACOUGUE HF LTDA,Ativa,http://cnpj.biz/44.405.255/0001-00,
44.497.583/0001-83,ACOUGUE POENTE LTDA,Ativa,http://cnpj.biz/44.497.583/0001-83,
42.775.301/0002-18,ALUMINIO JOINVILLE LTDA,Ativa,http://cnpj.biz/42.775.301/0002-18,
42.373.302/0001-55,LA VITTA COLCHOES LTDA,Ativa,http://cnpj.biz/42.373.302/0001-55,
44.533.790/0001-46,AGL TECH E CHAVEIROS LTDA,Ativa,http://cnpj.biz/44.533.790/0001-46,
41.326.593/0001-68,EMPORIO COSMO LTDA,Ativa,http://cnpj.biz/41.326.593/0001-68,
42.922.375/0001-59,MORANDI & VENTURINI COMERCIO DE BEBIDAS E TABACARIA LTDA,Ativa,http://cnpj.biz/42.922.375/0001-59,
42.024.246/0002-24,FGC INDUSTRIA E COMERCIO DE PRODUTOS NATURAIS LTDA,Ativa,http://cnpj.biz/42.024.246/0002-24,
41.512.837/0001-05,AUTHENTIC COMERCIO DIGITAL LTDA,Ativa,http://cnpj.biz/41.512.837/0001-05,
41.143.901/0001-10,MERCADO LUENO LTDA,Ativa,http://cnpj.biz/41.143.901/0001-10,
44.407.011/0001-66,VIA LOPES MODA MASCULINA LTDA,Ativa,http://cnpj.biz/44.407.011/0001-66,
41.163.422/0001-65,KAS VESTUARIO ESPORTIVO LTDA,Ativa,http://cnpj.biz/41.163.422/0001-65,
41.159.076/0001-41,JHOW E FAMILIA LTDA,Ativa,http://cnpj.biz/41.159.076/0001-41,
44.277.985/0001-72,JCA EMBALAGENS LTDA,Ativa,http://cnpj.biz/44.277.985/0001-72,
42.323.124/0001-58,PAULO CEZAR LOURENCO HAMDAR LTDA.,Ativa,http://cnpj.biz/42.323.124/0001-58,
42.694.474/0001-20,FAZPERFIZ COMERCIO DE ALUMINIO LTDA,Ativa,http://cnpj.biz/42.694.474/0001-20,
41.948.762/0001-00,MARLON AUGUSTO OLIVA - REFRIGERACAO,Ativa,http://cnpj.biz/41.948.762/0001-00,
43.541.118/0001-30,GILBERTO BECKMAN CALDAS JUNIOR LTDA,Ativa,http://cnpj.biz/43.541.118/0001-30,
44.152.857/0001-00,RMF PRODUTOS ODONTOLOGICOS LTDA,Ativa,http://cnpj.biz/44.152.857/0001-00,
44.567.091/0001-17,J. P DA SILVA E SANTOS LTDA,Ativa,http://cnpj.biz/44.567.091/0001-17,
44.221.246/0001-69,KS VIDROS LTDA,Ativa,http://cnpj.biz/44.221.246/0001-69,
43.675.522/0001-04,GUTHS PAPELARIA LTDA,Ativa,http://cnpj.biz/43.675.522/0001-04,
41.281.309/0001-84,MAURICIO NASCIMENTO DOS SANTOS COMERCIO DE BRINDES LTDA,Ativa,http://cnpj.biz/41.281.309/0001-84,
41.418.315/0001-30,V. A. IMPORTE LTDA,Ativa,http://cnpj.biz/41.418.315/0001-30,
42.964.186/0001-49,AC CAPELETTI LTDA,Ativa,http://cnpj.biz/42.964.186/0001-49,
42.223.085/0001-17,DRINKS ON DISTRIBUIDORA LTDA,Ativa,http://cnpj.biz/42.223.085/0001-17,
43.652.178/0001-20,LOURENCO E HAMDAR LTDA,Ativa,http://cnpj.biz/43.652.178/0001-20,
43.826.705/0001-75,ZUNIGAFITNESS ROUPAS FITNESS LTDA,Ativa,http://cnpj.biz/43.826.705/0001-75,
43.745.977/0001-40,77 MOTORS COMERCIO DE VEICULOS LTDA,Ativa,http://cnpj.biz/43.745.977/0001-40,
42.909.504/0001-79,M H DISTRIBUIDORA,Ativa,http://cnpj.biz/42.909.504/0001-79,
42.723.772/0001-00,TITANIUM EQUIPAMENTOS ELETRONICOS E DE REFRIGERACAO LTDA,Ativa,http://cnpj.biz/42.723.772/0001-00,
43.523.053/0001-08,OSTEC CELL LTDA,Ativa,http://cnpj.biz/43.523.053/0001-08,
42.819.131/0001-45,SHOP4YOUBR COMERCIAL LTDA,Ativa,http://cnpj.biz/42.819.131/0001-45,
44.548.240/0001-09,CASSIA F S GODOY TECNOLOGIA E DISTRIBUICAO DE ALIMENTOS E BEBIDAS,Ativa,http://cnpj.biz/44.548.240/0001-09,
38.091.808/0002-85,QUIOSQUE DO CHOPP CWB COMERCIO DE BEBIDAS LTDA,Ativa,http://cnpj.biz/38.091.808/0002-85,
41.191.076/0001-29,BINDEMANN GUIME COMERCIO LTDA,Ativa,http://cnpj.biz/41.191.076/0001-29,
41.542.257/0001-52,GOOD BEER LTDA,Ativa,http://cnpj.biz/41.542.257/0001-52,
43.278.005/0001-93,MAX COMERCIO DE HORTIFRUTI LTDA,Ativa,http://cnpj.biz/43.278.005/0001-93,
42.608.462/0001-36,DE PAULA & CAMARGO COMERCIO DE EMBALAGENS LTDA,Ativa,http://cnpj.biz/42.608.462/0001-36,
42.260.293/0001-96,MUSTELA COMERCIO DE COLECIONAVEIS LTDA,Ativa,http://cnpj.biz/42.260.293/0001-96,
28.557.842/0002-49,VISOMAIS OTICA LTDA,Ativa,http://cnpj.biz/28.557.842/0002-49,
42.109.328/0001-90,JARDIM EDEN COMERCIO DE MATERIAIS E EQUIPAMENTOS LTDA,Ativa,http://cnpj.biz/42.109.328/0001-90,
41.054.778/0001-60,41.054.778 RICARDO ERNESTO KRETZER JUNIOR,Ativa,http://cnpj.biz/41.054.778/0001-60,
42.912.903/0001-99,RHILTON LUIZ DOS SANTOS DISTRIBUIDORA DE ALIMENTOS,Ativa,http://cnpj.biz/42.912.903/0001-99,
42.286.367/0001-63,ZEPS COMERCIO DE BEBIDAS LTDA,Ativa,http://cnpj.biz/42.286.367/0001-63,
43.769.999/0001-40,KYLBA COMERCIO DE BEBIDAS LTDA,Ativa,http://cnpj.biz/43.769.999/0001-40,
44.593.186/0001-05,DIRETORIA COMERCIO DE BEBIDAS LTDA,Ativa,http://cnpj.biz/44.593.186/0001-05,
44.404.281/0001-13,SECCO TECNOLOGIE COMERCIO DE FERRAMENTAS LTDA,Ativa,http://cnpj.biz/44.404.281/0001-13,
42.949.937/0001-58,ANDREA APARECIDA TABORDA TRESKA,Ativa,http://cnpj.biz/42.949.937/0001-58,
42.469.040/0001-27,THIAGO ROCHA DA FONSECA,Ativa,http://cnpj.biz/42.469.040/0001-27,
42.473.908/0001-62,GIUSTO DESIGN LTDA,Ativa,http://cnpj.biz/42.473.908/0001-62,
43.634.292/0001-27,KSK MATEUS LTDA,Ativa,http://cnpj.biz/43.634.292/0001-27,
43.590.494/0001-14,PHARMACO PRIME - FARMACIA DE MANIPULACAO LTDA,Ativa,http://cnpj.biz/43.590.494/0001-14,
42.134.290/0001-06,MEL & CANELA PRODUTOS NATURAIS LTDA..,Ativa,http://cnpj.biz/42.134.290/0001-06,
43.110.812/0001-00,JP COMERCIO DE ROUPAS LTDA,Ativa,http://cnpj.biz/43.110.812/0001-00,
43.471.299/0001-75,PLLURAL MODA CIRCULAR LTDA,Ativa,http://cnpj.biz/43.471.299/0001-75,
43.975.931/0001-18,H&H COMERCIO DE LIVROS LTDA,Ativa,http://cnpj.biz/43.975.931/0001-18,
44.459.483/0001-62,ARCANJOS MIGUEL E RAFAEL E CIA LTDA,Ativa,http://cnpj.biz/44.459.483/0001-62,
44.211.892/0001-45,VRIESMANN E RIBAS PRODUTOS FARMACEUTICOS LTDA,Ativa,http://cnpj.biz/44.211.892/0001-45,
41.200.356/0001-56,ALAFIA COMERCIAL LTDA,Ativa,http://cnpj.biz/41.200.356/0001-56,
43.732.517/0001-88,TROPICALIENTS SKATEBOARD LTDA,Ativa,http://cnpj.biz/43.732.517/0001-88,
44.563.510/0001-42,FABI VINCENZI LTDA,Ativa,http://cnpj.biz/44.563.510/0001-42,
41.362.814/0001-53,LAIS FERNANDA VALADARES LTDA,Ativa,http://cnpj.biz/41.362.814/0001-53,
43.129.700/0001-93,SELVA COMERCIO DE BEBIDAS LTDA,Ativa,http://cnpj.biz/43.129.700/0001-93,
28.038.641/0002-35,BRATRADING COMERCIAL IMPORTADORA E EXPORTADORA LTDA,Ativa,http://cnpj.biz/28.038.641/0002-35,
44.498.080/0001-22,ALJAN COMERCIO DE LIVROS LTDA,Ativa,http://cnpj.biz/44.498.080/0001-22,
42.167.097/0001-71,TIK TOK COMERCIO DE MOVEIS LTDA,Ativa,http://cnpj.biz/42.167.097/0001-71,
41.323.271/0001-65,ORGANIC BOX ORGANICOS E NATURAIS LTDA,Ativa,http://cnpj.biz/41.323.271/0001-65,
42.720.178/0001-57,MEGA SHOP COMERCIO DE PECAS LTDA,Ativa,http://cnpj.biz/42.720.178/0001-57,
41.866.844/0001-05,MERCADO CATAO LTDA,Ativa,http://cnpj.biz/41.866.844/0001-05,
43.712.830/0001-54,YBY COMERCIO LTDA,Ativa,http://cnpj.biz/43.712.830/0001-54,
42.513.555/0001-87,AZV COMERCIO E LOCACAO DE VEICULOS E BRINQUEDOS LTDA,Ativa,http://cnpj.biz/42.513.555/0001-87,
43.091.033/0001-05,E A DE SOUZA SERVICOS EM INFOMATICA LTDA,Ativa,http://cnpj.biz/43.091.033/0001-05,
42.645.923/0001-40,L K M PEREIRA LTDA,Ativa,http://cnpj.biz/42.645.923/0001-40,
44.319.665/0001-38,JULIPA PAPELARIA CRI,Ativa, LTDA,Ativa,http://cnpj.biz/44.319.665/0001-38,
43.317.595/0001-16,CLAYTON GESSE VAN HAANDEL JUNIOR ,Ativa,http://cnpj.biz/43.317.595/0001-16,
42.992.161/0001-59,RCA COMERCIO DE PRODUTOS DE EXTRACAO MINERAL RDS LTDA,Ativa,http://cnpj.biz/42.992.161/0001-59,
42.323.669/0001-64,EMPORIO DE PAULA COMERCIO DE CESTAS E DECORACOES LTDA,Ativa,http://cnpj.biz/42.323.669/0001-64,
42.742.415/0001-80,IMPACTO COMERCIO VAREJISTA DE GAS LTDA,Ativa,http://cnpj.biz/42.742.415/0001-80,
41.558.118/0001-17,CENTRO OFF ROAD ANDERSON ADRENALINA LTDA,Ativa,http://cnpj.biz/41.558.118/0001-17,
41.660.604/0001-41,CARLOS HENRIQUE DE OLIVEIRA DA CRUZ - CONFECCOES,Ativa,http://cnpj.biz/41.660.604/0001-41,
42.167.214/0001-05,MODERNO ESTOFADOS LTDA,Ativa,http://cnpj.biz/42.167.214/0001-05,
42.403.424/0001-47,SUEMY MIDORI MATSUNAGA KUABARA ,Ativa,http://cnpj.biz/42.403.424/0001-47,
43.553.286/0001-45,RSCD ARTWORKS LTDA,Ativa,http://cnpj.biz/43.553.286/0001-45,
43.358.222/0001-93,ECOMIZY COMERCIO DE ELETRONICOS DOMESTICOS LTDA,Ativa,http://cnpj.biz/43.358.222/0001-93,
43.502.559/0001-22,BK POLTRONAS MOVEIS PARA SALAO LTDA,Ativa,http://cnpj.biz/43.502.559/0001-22,
42.089.063/0001-06,PETRI MODAS COMERCIO DE ROUPAS E ACESSORIOS LTDA,Ativa,http://cnpj.biz/42.089.063/0001-06,
41.535.069/0001-05,ACAI E SORVETES SANTA CANDIDA LTDA,Ativa,http://cnpj.biz/41.535.069/0001-05,
41.410.288/0001-50,HMB MOVEIS E SERVICOS LTDA,Ativa,http://cnpj.biz/41.410.288/0001-50,
31.913.673/0007-51,PC CELULAR COMERCIO LTDA,Ativa,http://cnpj.biz/31.913.673/0007-51,
41.555.029/0001-17,MUSTACHE ALEGRIA COMERCIO DE ARTIGOS FESTIVOS LTDA,Ativa,http://cnpj.biz/41.555.029/0001-17,
44.273.355/0001-20,HCE SINTETICOS LTDA,Ativa,http://cnpj.biz/44.273.355/0001-20,
41.896.229/0001-33,POPZ COMERCIO E IMPORTACAO LTDA,Ativa,http://cnpj.biz/41.896.229/0001-33,
42.617.334/0001-59,DCN SINTETICOS LTDA,Ativa,http://cnpj.biz/42.617.334/0001-59,
43.620.615/0001-23,NILVA APARECIDA VIEIRA HONDA LTDA,Ativa,http://cnpj.biz/43.620.615/0001-23,
41.043.285/0001-25,P R PINHEIRO ESPINELLI ACESSORIOS LTDA,Ativa,http://cnpj.biz/41.043.285/0001-25,
43.181.868/0001-48,GOINSKI DE FREITAS E GOINSKI MARINHO LTDA,Ativa,http://cnpj.biz/43.181.868/0001-48,
41.465.702/0001-28,DEL REI COMERCIO DE VINHOS E BEBIDAS LTDA.,Ativa,http://cnpj.biz/41.465.702/0001-28,
42.582.807/0001-20,BUD BABY STORE LTDA,Ativa,http://cnpj.biz/42.582.807/0001-20,
43.214.502/0001-28,CASA DU GATO LTDA,Ativa,http://cnpj.biz/43.214.502/0001-28,
42.652.754/0001-76,NINE STORE COMERCIO DE ELETRONICOS DOMESTICOS LTDA,Ativa,http://cnpj.biz/42.652.754/0001-76,
44.122.410/0001-80,CONCEITO NER ILUMINACAO COMERCIO LTDA,Ativa,http://cnpj.biz/44.122.410/0001-80,
41.973.373/0001-26,CLOSET MAKE COMERCIO DE COSMETICOS LTDA,Ativa,http://cnpj.biz/41.973.373/0001-26,
44.533.069/0001-56,LIDIA BORSSUK,Ativa,http://cnpj.biz/44.533.069/0001-56,
42.924.512/0001-94,PIRES DE OLIVEIRA DISTRIBUIDORA DE BEBIDAS LTDA,Ativa,http://cnpj.biz/42.924.512/0001-94,
41.731.394/0001-35,VSTARK ARTIGOS ESPORTIVOS LTDA.,Ativa,http://cnpj.biz/41.731.394/0001-35,
42.819.951/0001-37,JESSE DE ALMEIDA GARRETT DOS REIS,Ativa,http://cnpj.biz/42.819.951/0001-37,
43.646.755/0001-70,BOLACHAS VOVO ELZA COMERCIO ELETRONICO LTDA,Ativa,http://cnpj.biz/43.646.755/0001-70,
42.954.113/0001-76,EMPORIO SAN BERNARDO LTDA,Ativa,http://cnpj.biz/42.954.113/0001-76,
43.596.977/0001-26,CAMARGO & TRIPOLI LTDA,Ativa,http://cnpj.biz/43.596.977/0001-26,
43.610.819/0001-83,AGRO PIERI LTDA,Ativa,http://cnpj.biz/43.610.819/0001-83,
41.416.544/0001-16,MEGAFIOS PECAS PARA MOTORES ELETRICOS LTDA,Ativa,http://cnpj.biz/41.416.544/0001-16,
41.113.917/0001-80,ANOVA ARTIGOS DE CUTELARIA LTDA,Ativa,http://cnpj.biz/41.113.917/0001-80,
41.570.476/0001-45,CEHA COMERCIO DE AUTO PECAS LTDA,Ativa,http://cnpj.biz/41.570.476/0001-45,
43.401.015/0001-74,DK STORE LTDA,Ativa,http://cnpj.biz/43.401.015/0001-74,
42.280.085/0001-59,KMOB COMERCIO VAREJISTA DE MOVEIS LTDA,Ativa,http://cnpj.biz/42.280.085/0001-59,
42.845.761/0001-94,RSN ARTESANATOS LTDA,Ativa,http://cnpj.biz/42.845.761/0001-94,
41.191.221/0001-71,LAPA COMERCIO DE SORVETES E ALIMENTOS LTDA,Ativa,http://cnpj.biz/41.191.221/0001-71,
42.837.472/0001-43,J & G COMERCIO DE CHOCOLATES LTDA,Ativa,http://cnpj.biz/42.837.472/0001-43,
42.453.814/0001-21,AVANTGARDE ALFAIATARIA LTDA,Ativa,http://cnpj.biz/42.453.814/0001-21,
42.640.204/0001-37,COP BOX LTDA,Ativa,http://cnpj.biz/42.640.204/0001-37,
42.024.602/0001-29,TAURUS IMPORTS IMPORTACAO E EXPORTACAO LTDA,Ativa,http://cnpj.biz/42.024.602/0001-29,
41.998.983/0001-84,"AROEIRA COMERCIO DE VINHOS, BEBIDAS E ALIMENTOS LTDA,Ativa",http://cnpj.biz/41.998.983/0001-84,
42.044.403/0001-82,ELAINE CRISTINA BARBOSA LTDA,Ativa,http://cnpj.biz/42.044.403/0001-82,
44.171.801/0001-95,JHENIFER APARECIDA FORASTEIRO LTDA,Ativa,http://cnpj.biz/44.171.801/0001-95,
42.379.482/0001-82,MAGNA SAUDE LTDA,Ativa,http://cnpj.biz/42.379.482/0001-82,
42.334.152/0001-70,M. DE FATIMA ESPERANDIO - COMERCIO ALIMENTICIO LTDA,Ativa,http://cnpj.biz/42.334.152/0001-70,
44.620.646/0001-47,ECOMMERCE COMERCIAL LTDA,Ativa,http://cnpj.biz/44.620.646/0001-47,
44.588.453/0001-56,VILLALON LTDA,Ativa,http://cnpj.biz/44.588.453/0001-56,
43.753.120/0001-72,MKJUVEVE CAFES ESPECIAIS LTDA,Ativa,http://cnpj.biz/43.753.120/0001-72,
43.998.336/0001-06,ARGILA BOTANICA COMERCIO DE PLANTAS LTDA,Ativa,http://cnpj.biz/43.998.336/0001-06,
43.117.403/0001-28,CERVEJARIA JRJ LTDA,Ativa,http://cnpj.biz/43.117.403/0001-28,
44.505.175/0001-26,G M MACEDO COMERCIO DE ROUPAS LTDA,Ativa,http://cnpj.biz/44.505.175/0001-26,
44.624.824/0001-08,ALLVARO MELO MENDONCA LTDA,Ativa,http://cnpj.biz/44.624.824/0001-08,
44.583.042/0001-78,E K KASPERSKI COMERCIO DE ELETROELETRONICOS,Ativa,http://cnpj.biz/44.583.042/0001-78,
41.831.428/0002-44,SACOLAO DE FRUTAS E VERDURAS LORENZETTI LTDA,Ativa,http://cnpj.biz/41.831.428/0002-44,
43.666.078/0001-52,VITORIA INVESTMENT LTDA,Ativa,http://cnpj.biz/43.666.078/0001-52,
43.311.416/0001-33,DESIREE ILLESCAS WITHERS LTDA,Ativa,http://cnpj.biz/43.311.416/0001-33,
41.703.741/0001-16,TROPICALLE STORE LTDA,Ativa,http://cnpj.biz/41.703.741/0001-16,
41.148.283/0001-09,AD ASTRA AEROESPACIAL LTDA,Ativa,http://cnpj.biz/41.148.283/0001-09,
42.266.547/0001-83,C T COMERCIO DE ALIMENTOS LTDA,Ativa,http://cnpj.biz/42.266.547/0001-83,
41.497.989/0002-59,ARIANE DE MOURA COMERCIO DE COLCHOES E ARTIGOS HOSPITALARES LTDA,Ativa,http://cnpj.biz/41.497.989/0002-59,
42.982.407/0001-01,ERMES COMERCIO DE BEBIDAS LTDA,Ativa,http://cnpj.biz/42.982.407/0001-01,
41.751.226/0001-01,BARRANCO METAIS LTDA,Ativa,http://cnpj.biz/41.751.226/0001-01,
41.369.753/0001-56,INSTITUTO ELO: PESQUISA E DESENVOLVIMENTO EM PSICOLOGIA APRENDIZAGEM LTDA,Ativa,http://cnpj.biz/41.369.753/0001-56,
44.302.756/0001-60,BARBARA BIONI PADILHA,Ativa,http://cnpj.biz/44.302.756/0001-60,
44.026.754/0001-96,C BOCON NEW SPORTES PNEUS,Ativa,http://cnpj.biz/44.026.754/0001-96,
44.202.940/0001-39,GODOI GAS COMERCIO DE GLP LTDA,Ativa,http://cnpj.biz/44.202.940/0001-39,
41.305.526/0001-67,JB COMERCIO DE UTILIDADES LTDA,Ativa,http://cnpj.biz/41.305.526/0001-67,
44.361.556/0001-89,QUEDA DAGUA LTDA,Ativa,http://cnpj.biz/44.361.556/0001-89,
44.265.769/0001-07,SENIOR SHOP ACESSORIOS LTDA,Ativa,http://cnpj.biz/44.265.769/0001-07,
44.021.728/0001-75,PICNIC TIME COMERCIO E SERVICOS LTDA,Ativa,http://cnpj.biz/44.021.728/0001-75,
44.039.786/0001-26,ALFLORES COMERCIO DE FLORES E PLANTAS ORNAMENTAIS LTDA,Ativa,http://cnpj.biz/44.039.786/0001-26,
43.598.902/0001-84,WENDLER FARMA LTDA,Ativa,http://cnpj.biz/43.598.902/0001-84,
41.449.277/0001-83,FERNANDES & ESPERIDIAO LTDA,Ativa,http://cnpj.biz/41.449.277/0001-83,
41.056.297/0001-94,IRON SUPLEMENTOS LTDA,Ativa,http://cnpj.biz/41.056.297/0001-94,
44.277.478/0001-39,ECOMM COMERCIO DE TUDO E MAIS UM POUCO LTDA,Ativa,http://cnpj.biz/44.277.478/0001-39,
42.078.304/0001-11,MULTI KULTURE LTDA,Ativa,http://cnpj.biz/42.078.304/0001-11,
26.542.177/0002-94,MEIZINHA LTDA,Ativa,http://cnpj.biz/26.542.177/0002-94,
44.019.376/0001-13,RDB COMERCIO DE ROUPAS LTDA,Ativa,http://cnpj.biz/44.019.376/0001-13,
44.303.472/0001-99,ATACADO DE ACOS CURITIBA LTDA,Ativa,http://cnpj.biz/44.303.472/0001-99,
43.584.202/0001-30,BLINDING COMERCIAL LTDA,Ativa,http://cnpj.biz/43.584.202/0001-30,
41.095.128/0001-63,DANIELLA MATOS DE CARVALHO MIRA ,Ativa,http://cnpj.biz/41.095.128/0001-63,
44.361.326/0001-10,COMERCIO VAREJISTA DE RACOES E CEREAIS SANTA FELICIDADE LTDA,Ativa,http://cnpj.biz/44.361.326/0001-10,
41.125.985/0001-69,CACHIATORI E BAIARDI LTDA,Ativa,http://cnpj.biz/41.125.985/0001-69,
42.941.946/0001-00,REVENBR COMERCIO LTDA,Ativa,http://cnpj.biz/42.941.946/0001-00,
42.005.557/0001-65,CELSO RAMOS COMERCIAL EXPORTADORA E IMPORTADORA LTDA,Ativa,http://cnpj.biz/42.005.557/0001-65,
43.274.069/0001-16,DJ DISTRIBUIDORA LTDA,Ativa,http://cnpj.biz/43.274.069/0001-16,
41.994.974/0001-15,HB4M COMERCIO DE ARTIGOS DOMESTICOS LTDA,Ativa,http://cnpj.biz/41.994.974/0001-15,
41.670.619/0001-90,VITORIA FESTAS LTDA,Ativa,http://cnpj.biz/41.670.619/0001-90,
43.702.663/0001-60,DISTRIBUIDORA COLD BEER LTDA,Ativa,http://cnpj.biz/43.702.663/0001-60,
43.965.872/0001-05,VITAL VENTURA COMERCIO DE ARTIGOS ESPORTIVOS LTDA,Ativa,http://cnpj.biz/43.965.872/0001-05,
41.217.452/0001-07,CRIAR BOX PAPELARIA E SCRAPBOOK LTDA,Ativa,http://cnpj.biz/41.217.452/0001-07,
42.834.781/0001-60,MG2 DISTRIBUIDORA DE SUPLEMENTOS ALIMENTARES E COSMETICOS LTDA,Ativa,http://cnpj.biz/42.834.781/0001-60,
42.843.830/0001-20,ANDRADE NEDBAILUK COMERCIO DE PRODUTOS NATURAIS LTDA,Ativa,http://cnpj.biz/42.843.830/0001-20,
43.744.627/0001-60,KOM COMERCIO DE ARTIGOS PARA ANIMAIS LTDA,Ativa,http://cnpj.biz/43.744.627/0001-60,
44.171.801/0002-76,JHENIFER APARECIDA FORASTEIRO LTDA,Ativa,http://cnpj.biz/44.171.801/0002-76,
44.460.449/0001-08,BELLE FATALE LOJA DE DEPARTAMENTOS E MAGAZINE LTDA,Ativa,http://cnpj.biz/44.460.449/0001-08,
42.214.897/0001-04,V7 DW COMERCIO LTDA,Ativa,http://cnpj.biz/42.214.897/0001-04,
43.341.537/0001-28,CONFORTAVEL COLCHOES LTDA,Ativa,http://cnpj.biz/43.341.537/0001-28,
41.454.309/0001-39,VAI DE VINHO BY DEBORA BREGINSKI LTDA,Ativa,http://cnpj.biz/41.454.309/0001-39,
44.124.376/0001-83,PARTITO ARTIGOS PARA FESTAS LTDA,Ativa,http://cnpj.biz/44.124.376/0001-83,
43.853.286/0001-60,ABDALLAH & BITTENCOURT JOIAS LTDA,Ativa,http://cnpj.biz/43.853.286/0001-60,
41.428.903/0001-55,S.S. MEDICAL COMERCIO E SERVICOS LTDA,Ativa,http://cnpj.biz/41.428.903/0001-55,
43.972.711/0001-30,TOCA DA BELINHA - AVIARIO LTDA,Ativa,http://cnpj.biz/43.972.711/0001-30,
44.151.706/0001-20,NOGUEIRA DECORA LTDA,Ativa,http://cnpj.biz/44.151.706/0001-20,
44.385.967/0001-04,CASS SPORTS IND E COM DE VESTUARIO LTDA,Ativa,http://cnpj.biz/44.385.967/0001-04,
44.661.298/0001-56,GOLES E TRAGOS LTDA,Ativa,http://cnpj.biz/44.661.298/0001-56,
42.894.903/0001-03,RK COMERCIO DE TELEFONES E ACESSORIOS LTDA,Ativa,http://cnpj.biz/42.894.903/0001-03,
43.473.448/0001-35,ANA SUPLEMENTOS LTDA,Ativa,http://cnpj.biz/43.473.448/0001-35,
44.335.137/0001-72,ELAMOR COMERCIO DE PRODUTOS DE BELEZA LTDA,Ativa,http://cnpj.biz/44.335.137/0001-72,
42.242.668/0001-95,PG COMERCIO DE UTENSILIOS EM METAL E MADEIRA LTDA,Ativa,http://cnpj.biz/42.242.668/0001-95,
43.850.706/0001-55,R2 COMERCIO E VAREJO ROUPAS E ACESSORIOS LTDA,Ativa,http://cnpj.biz/43.850.706/0001-55,
42.313.980/0001-22,"VESTINDO A MULHER, COMERCIO E CONFECCAO DE ROUPAS LTDA,Ativa",http://cnpj.biz/42.313.980/0001-22,
41.788.235/0001-77,UTENSILIOS CWB LTDA,Ativa,http://cnpj.biz/41.788.235/0001-77,
36.757.542/0002-31,SENA MOTORS AUTOMOVEIS LTDA,Ativa,http://cnpj.biz/36.757.542/0002-31,
42.082.160/0001-77,DORMENTES CURITIBA LTDA,Ativa,http://cnpj.biz/42.082.160/0001-77,
44.108.673/0001-35,BEAGAH COMERCIO DE ELETRONICOS LTDA,Ativa,http://cnpj.biz/44.108.673/0001-35,
43.027.303/0001-00,DZIBANSKEI COMERCIO DE PRODUTOS ALIMENTICIOS LTDA,Ativa,http://cnpj.biz/43.027.303/0001-00,
42.377.431/0001-11,GABRIEL PEREIRA PERDIGAO LTDA,Ativa,http://cnpj.biz/42.377.431/0001-11,
42.438.768/0001-91,LOZ COMERCIO DE PRODUTOS EROTICOS LTDA,Ativa,http://cnpj.biz/42.438.768/0001-91,
42.492.925/0001-47,ADTT COMERCIAL LTDA,Ativa,http://cnpj.biz/42.492.925/0001-47,
42.657.490/0001-43,VERCATTO BOUTIQUE SAUDAVEL LTDA,Ativa,http://cnpj.biz/42.657.490/0001-43,
09.243.830/0002-03,DEBORA GONCALVES FERREIRA,Ativa,http://cnpj.biz/09.243.830/0002-03,
43.286.881/0001-61,FULL MOBILE ASSISTENCIA LTDA,Ativa,http://cnpj.biz/43.286.881/0001-61,
43.627.799/0001-53,VAGALUME BEER DISTRIBUIDORA LTDA,Ativa,http://cnpj.biz/43.627.799/0001-53,
42.954.641/0001-25,WELDOG AGROPECUARIA LTDA,Ativa,http://cnpj.biz/42.954.641/0001-25,
42.882.026/0001-50,VINICIUS DUARTE LTDA,Ativa,http://cnpj.biz/42.882.026/0001-50,
41.990.374/0001-89,TIME'S BEER COMERCIO DE BEBIDAS LTDA,Ativa,http://cnpj.biz/41.990.374/0001-89,
44.414.717/0001-55,DIRCEU RAMOS PRIME AUTO PECAS LTDA,Ativa,http://cnpj.biz/44.414.717/0001-55,
41.650.154/0001-06,MR PRODUTOS ALIMENTICIOS LTDA,Ativa,http://cnpj.biz/41.650.154/0001-06,
44.105.496/0001-33,OLIVEIRA COMERCIO DE MOVEIS LTDA,Ativa,http://cnpj.biz/44.105.496/0001-33,
42.888.767/0001-49,PERFUMES LABIRINTO LTDA,Ativa,http://cnpj.biz/42.888.767/0001-49,
42.071.476/0001-63,NEUPA - REPRESENTACOES COMERCIAIS LTDA,Ativa,http://cnpj.biz/42.071.476/0001-63,
41.188.072/0001-91,LIA MOURAO DA VEIGA COMERCIO VAREJISTA DE ROUPAS E ACESSORIOS,Ativa,http://cnpj.biz/41.188.072/0001-91,
41.744.073/0001-75,TAG COMERCIO DE CARNES LTDA,Ativa,http://cnpj.biz/41.744.073/0001-75,
41.731.161/0001-32,BEN FARMACIA DE MANIPULACAO LTDA,Ativa,http://cnpj.biz/41.731.161/0001-32,
42.912.026/0005-80,MICHELS DO BRASIL DISTRIBUICAO LTDA,Ativa,http://cnpj.biz/42.912.026/0005-80,
42.472.661/0001-60,WAAK TECNOLOGIA DA INFORMACAO LTDA,Ativa,http://cnpj.biz/42.472.661/0001-60,
42.946.596/0001-67,MM3113 COMERCIO DE VEICULOS LTDA,Ativa,http://cnpj.biz/42.946.596/0001-67,
43.871.181/0001-34,MLZ EMPORIO LTDA,Ativa,http://cnpj.biz/43.871.181/0001-34,
43.953.042/0001-50,PALMIERE COMERCIAL LTDA,Ativa,http://cnpj.biz/43.953.042/0001-50,
42.022.311/0001-00,FSK IMPORTACAO DE ESSENCIAS LTDA,Ativa,http://cnpj.biz/42.022.311/0001-00,
41.920.096/0001-93,TASHI ALIMENTOS LTDA,Ativa,http://cnpj.biz/41.920.096/0001-93,
42.170.945/0001-00,ELISSANDRA MARIA ALMEIDA LTDA,Ativa,http://cnpj.biz/42.170.945/0001-00,
42.055.695/0001-59,BRABUS LUB COMERCIO ATACADISTA DE LUBRFICANTES LTDA,Ativa,http://cnpj.biz/42.055.695/0001-59,
44.488.769/0001-76,CANECARIA CURITIBANA LTDA,Ativa,http://cnpj.biz/44.488.769/0001-76,
44.032.115/0001-33,NIETH COSMETICOS E AROMAS LTDA,Ativa,http://cnpj.biz/44.032.115/0001-33,
44.586.263/0001-08,SOLARSIM ENERGIAS RENOVAVEIS LTDA,Ativa,http://cnpj.biz/44.586.263/0001-08,
41.198.966/0001-62,AGUIA PEQUENA LTDA,Ativa,http://cnpj.biz/41.198.966/0001-62,
43.221.024/0001-83,TEK GLOBAL BRASIL LTDA,Ativa,http://cnpj.biz/43.221.024/0001-83,
43.101.279/0001-02,LUJE COMERCIO DE ARTIGOS PARA CASA BEM ESTAR E DECORACAO LTDA,Ativa,http://cnpj.biz/43.101.279/0001-02,
42.045.587/0001-03,CLUB KOMBUCHA - COMERCIO DE BEBIDAS LTDA,Ativa,http://cnpj.biz/42.045.587/0001-03,
42.108.758/0001-98,CREATIVE BOX CLUB C S LTDA,Ativa,http://cnpj.biz/42.108.758/0001-98,
42.346.863/0001-65,ADLER WILLIAN G. SCHNEIDER LTDA,Ativa,http://cnpj.biz/42.346.863/0001-65,
08.058.723/0004-04,LAUS & SILVA LTDA,Ativa,http://cnpj.biz/08.058.723/0004-04,
44.472.319/0001-95,GEAR TOOLS COMERCIAL LTDA,Ativa,http://cnpj.biz/44.472.319/0001-95,
43.705.791/0001-68,A PREFERIDA COMERCIO DE ALIMENTOS LTDA,Ativa,http://cnpj.biz/43.705.791/0001-68,
43.822.301/0001-03,SEVENSUL INOVACAO EM IMPRESSAO LTDA,Ativa,http://cnpj.biz/43.822.301/0001-03,
44.200.170/0001-95,SENCHUK COMERCIO E SERVICOS LTDA,Ativa,http://cnpj.biz/44.200.170/0001-95,
44.127.315/0001-70,HOPDOG STORE LTDA,Ativa,http://cnpj.biz/44.127.315/0001-70,
44.208.412/0001-97,ORTHOMED EMPREENDIMENTOS MEDICO HOSPITALAR LTDA,Ativa,http://cnpj.biz/44.208.412/0001-97,
42.031.761/0001-50,KRIEGER IMPORTACOES LTDA,Ativa,http://cnpj.biz/42.031.761/0001-50,
41.749.183/0001-20,GREEN SHAPE PRODUTOS NATURAIS LTDA,Ativa,http://cnpj.biz/41.749.183/0001-20,
41.136.950/0001-25,AUTOPECAS SCOPEL LTDA,Ativa,http://cnpj.biz/41.136.950/0001-25,
41.198.653/0001-04,MEDGROUP BR COMERCIO LTDA,Ativa,http://cnpj.biz/41.198.653/0001-04,
23.042.790/0002-54,MUSICA MIX - COMERCIO DE INSTRUMENTOS MUSICAIS LTDA,Ativa,http://cnpj.biz/23.042.790/0002-54,
41.787.635/0001-68,ANTONELLO E LOPES DISTRIBUIDORA DE AUTO PECAS LTDA,Ativa,http://cnpj.biz/41.787.635/0001-68,
41.629.480/0001-31,A. SCIOLA NETO COMERCIAL LTDA,Ativa,http://cnpj.biz/41.629.480/0001-31,
43.395.761/0001-00,KAIZEN DISTRIBUICAO E COMERCIO LTDA,Ativa,http://cnpj.biz/43.395.761/0001-00,
42.310.147/0001-28,JR COMERCIO DE MARMORES E GRANITOS LTDA,Ativa,http://cnpj.biz/42.310.147/0001-28,
43.298.796/0001-13,LARA COMERCIO DE VEICULOS MULTIMARCAS LTDA,Ativa,http://cnpj.biz/43.298.796/0001-13,
43.350.472/0001-87,CILAS BARBOSA PRESENTES E VARIEDADES,Ativa,http://cnpj.biz/43.350.472/0001-87,
44.357.327/0001-90,DANIELE MACHADO DOS SANTOS MALAQUIAS,Ativa,http://cnpj.biz/44.357.327/0001-90,
41.660.803/0001-50,SUELI MORDZEM DE OLIVEIRA GRABNER,Ativa,http://cnpj.biz/41.660.803/0001-50,
41.711.232/0001-35,LDP COMERCIO DE PRODUTOS LTDA,Ativa,http://cnpj.biz/41.711.232/0001-35,
42.324.278/0001-64,MINIMERCADO IMPORIO DU SABOR LTDA,Ativa,http://cnpj.biz/42.324.278/0001-64,
42.821.359/0001-70,CONVENIENCIA BATEL LTDA,Ativa,http://cnpj.biz/42.821.359/0001-70,
42.337.449/0001-90,FARMAPAR FARMACIA E DROGARIA LTDA,Ativa,http://cnpj.biz/42.337.449/0001-90,
41.428.260/0001-40,DOMINUS COMERCIAL LTDA,Ativa,http://cnpj.biz/41.428.260/0001-40,
42.744.692/0001-22,C & A COMERCIO DE PECAS E ACESSORIOS PARA CAMINHOES LTDA,Ativa,http://cnpj.biz/42.744.692/0001-22,
43.186.414/0001-60,GH ARTIGOS ESPORTIVOS E PRODUCAO DE VIDEOS LTDA,Ativa,http://cnpj.biz/43.186.414/0001-60,
43.221.213/0001-56,P.P BRASIL COMERCIO DE UTILIDADES LTDA,Ativa,http://cnpj.biz/43.221.213/0001-56,
42.210.349/0001-06,RR NEGOCIOS DIGITAIS LTDA,Ativa,http://cnpj.biz/42.210.349/0001-06,
42.143.758/0001-29,KALOURES COMERCIO DE SUVENIRES LTDA,Ativa,http://cnpj.biz/42.143.758/0001-29,
42.073.483/0001-02,MERCADO VO PIPO LTDA,Ativa,http://cnpj.biz/42.073.483/0001-02,
42.025.451/0001-23,M&L PET COMMERCE LTDA,Ativa,http://cnpj.biz/42.025.451/0001-23,
42.899.748/0001-18,KUMORI LTDA,Ativa,http://cnpj.biz/42.899.748/0001-18,
42.275.682/0001-95,DORMENTES E PAISAGISMO MARINHO LTDA,Ativa,http://cnpj.biz/42.275.682/0001-95,
41.181.841/0001-20,FERNANDES & VIEIRA COMERCIO DE PRODUTOS ALIMENTICIOS LTDA,Ativa,http://cnpj.biz/41.181.841/0001-20,
43.269.044/0001-24,E C COMERCIO DE BEBIDAS LTDA,Ativa,http://cnpj.biz/43.269.044/0001-24,
44.637.580/0001-06,ISABELLA B SANTOS COMERCIO DE CALCADOS LTDA,Ativa,http://cnpj.biz/44.637.580/0001-06,
44.167.272/0001-56,VILARA COMERCIAL LTDA,Ativa,http://cnpj.biz/44.167.272/0001-56,
43.866.648/0001-58,TECH CELL CELULARES E ACESSORIOS LTDA,Ativa,http://cnpj.biz/43.866.648/0001-58,
43.606.531/0001-35,VANILLA COMERCIO DE VESTUARIO LTDA,Ativa,http://cnpj.biz/43.606.531/0001-35,
41.615.862/0001-06,COMFORT HOUSE SOLUCOES RESIDENCIAIS LTDA,Ativa,http://cnpj.biz/41.615.862/0001-06,
44.012.743/0001-57,LEMARIN IMPORTACAO E EXPORTACAO LTDA,Ativa,http://cnpj.biz/44.012.743/0001-57,
41.560.705/0001-40,BCL COMERCIO DE ROUPAS E ACESSORIOS LTDA,Ativa,http://cnpj.biz/41.560.705/0001-40,
42.727.774/0001-69,JERRY SILVA DO COUTO SERVICOS,Ativa,http://cnpj.biz/42.727.774/0001-69,
42.782.803/0001-95,JAYNE PAVLAK DE CAMARGO LTDA,Ativa,http://cnpj.biz/42.782.803/0001-95,
44.560.793/0001-79,DILEMMA MOTOS PECAS ACESSORIOS E ELETRO ELETRONICA LTDA,Ativa,http://cnpj.biz/44.560.793/0001-79,
43.749.164/0001-29,DMN COMERCIAL LTDA,Ativa,http://cnpj.biz/43.749.164/0001-29,
41.750.601/0001-07,MERKABLE COMERCIO LTDA,Ativa,http://cnpj.biz/41.750.601/0001-07,
44.444.879/0001-36,ANA FLAVIA MODAS LTDA,Ativa,http://cnpj.biz/44.444.879/0001-36,
44.307.888/0001-85,LUCASTORE ROUPAS E BRINQUEDOS INFANTIS LTDA,Ativa,http://cnpj.biz/44.307.888/0001-85,
43.627.676/0001-12,GALANT OUTLET LTDA,Ativa,http://cnpj.biz/43.627.676/0001-12,
30.518.551/0002-93,ARABIAN DISTRIBUIDORA DE GAS LTDA,Ativa,http://cnpj.biz/30.518.551/0002-93,
39.608.996/0002-39,JP FABRICACAO DE SALGADOS LTDA,Ativa,http://cnpj.biz/39.608.996/0002-39,
41.319.667/0001-39,FARMACIA POPULAR CAMPO ALTO LTDA,Ativa,http://cnpj.biz/41.319.667/0001-39,
41.188.165/0002-05,SEPATUDOO COMERCIO E UTILIDADES LTDA,Ativa,http://cnpj.biz/41.188.165/0002-05,
41.572.107/0001-91,CRISTIANA SEGURO COMERCIO DE EMBALAGENS LTDA,Ativa,http://cnpj.biz/41.572.107/0001-91,
43.802.923/0001-70,C S COQUEIRO COMERCIO DE IMPORTADOS LTDA,Ativa,http://cnpj.biz/43.802.923/0001-70,
43.658.650/0001-31,MULTIMARCAS BRASIL PECAS E ACESSORIOS LTDA,Ativa,http://cnpj.biz/43.658.650/0001-31,
73.300.006/0002-39,ANATHALLO PIJAMAS LTDA,Ativa,http://cnpj.biz/73.300.006/0002-39,
43.656.159/0001-71,EMPORIO LATIDOS E MIADOS RACOES E ACESSORIOS PET LTDA,Ativa,http://cnpj.biz/43.656.159/0001-71,
37.082.899/0002-20,BENDITTA BIJUTERIAS E MODA LTDA,Ativa,http://cnpj.biz/37.082.899/0002-20,
41.544.110/0001-00,TRIVIA AUTOMOVEIS LTDA,Ativa,http://cnpj.biz/41.544.110/0001-00,
42.143.901/0001-82,TAVARES & COIMBRA COMERCIO DE VEICULOS E UTILITARIOS LTDA,Ativa,http://cnpj.biz/42.143.901/0001-82,
42.895.132/0001-79,NAMI BIKES COMERCIO DE BICICLETAS E PECAS LTDA,Ativa,http://cnpj.biz/42.895.132/0001-79,
42.845.423/0001-52,CARNES BOI NOBRE LTDA,Ativa,http://cnpj.biz/42.845.423/0001-52,
43.367.577/0001-49,G C DA ROSA PRESENTES,Ativa,http://cnpj.biz/43.367.577/0001-49,
43.195.550/0001-16,GALIBU ASSADOS E DISTRIBUIDORA DE BEBIDAS LTDA,Ativa,http://cnpj.biz/43.195.550/0001-16,
44.384.586/0001-00,OUTLET MANDIL BLANC ATACADO E VAREJO LTDA,Ativa,http://cnpj.biz/44.384.586/0001-00,
42.353.762/0001-11,CASA DO PONTO LTDA,Ativa,http://cnpj.biz/42.353.762/0001-11,
43.521.663/0001-64,AMARA SERVICOS E DISTRIBUICAO LTDA,Ativa,http://cnpj.biz/43.521.663/0001-64,
43.768.271/0001-02,G F MENDES COMERCIO DE BEBIDAS LTDA,Ativa,http://cnpj.biz/43.768.271/0001-02,
41.709.657/0001-00,CENTER LAR MOVEIS LTDA,Ativa,http://cnpj.biz/41.709.657/0001-00,
42.293.380/0001-40,GREEN LIFE PRODUTOS NATURAIS LTDA,Ativa,http://cnpj.biz/42.293.380/0001-40,
41.036.766/0001-03,ELISA BAGGIO SOARES - TREINAMENTOS,Ativa,http://cnpj.biz/41.036.766/0001-03,
41.274.657/0001-24,SANTI AUTO PECAS LTDA,Ativa,http://cnpj.biz/41.274.657/0001-24,
44.191.248/0001-52,CARA HORTIFRUTIGRANJEIROS LTDA,Ativa,http://cnpj.biz/44.191.248/0001-52,
44.606.964/0001-53,MERCADO FAMILIA SILVA LTDA,Ativa,http://cnpj.biz/44.606.964/0001-53,
41.682.526/0001-86,CASA DE CARNES GODOI LTDA,Ativa,http://cnpj.biz/41.682.526/0001-86,
42.509.143/0001-73,SCHNEIDER CELL LTDA,Ativa,http://cnpj.biz/42.509.143/0001-73,
43.482.411/0001-73,MULHER COMERCIO DE COSMETICO LTDA,Ativa,http://cnpj.biz/43.482.411/0001-73,
44.457.277/0001-13,BAMBINI & CO BOUTIQUE INFANTIL LTDA,Ativa,http://cnpj.biz/44.457.277/0001-13,
43.610.608/0001-40,MARIOTTO SOLUCOES E COMERCIO DE EQUIPAMENTOS E SOFTWARE GRAFICOS LTDA,Ativa,http://cnpj.biz/43.610.608/0001-40,
44.641.752/0001-07,ESTELA BUJATO LTDA,Ativa,http://cnpj.biz/44.641.752/0001-07,
44.301.334/0001-70,BOX78 MOTOS LTDA,Ativa,http://cnpj.biz/44.301.334/0001-70,
42.066.057/0001-33,AUTO POSTO GH CURITIBA LTDA,Ativa,http://cnpj.biz/42.066.057/0001-33,
42.388.798/0001-30,GIGANTE DAS TELHAS LTDA,Ativa,http://cnpj.biz/42.388.798/0001-30,
42.866.906/0001-33,ROTA ELETRONICOS LTDA,Ativa,http://cnpj.biz/42.866.906/0001-33,
43.310.422/0001-76,TALITA ZORRILLA ARTIGOS DE VESTUARIO LTDA,Ativa,http://cnpj.biz/43.310.422/0001-76,
41.163.780/0001-78,LM CALCADOS E ACESSORIOS LTDA,Ativa,http://cnpj.biz/41.163.780/0001-78,
44.311.617/0001-01,ANA MAGALHAES SHOES LTDA,Ativa,http://cnpj.biz/44.311.617/0001-01,
41.141.264/0001-42,DISK BEER DISTRIBUIDORA DE BEBIDAS LTDA,Ativa,http://cnpj.biz/41.141.264/0001-42,
41.101.963/0001-69,MAC BATERIAS LTDA,Ativa,http://cnpj.biz/41.101.963/0001-69,
42.740.656/0001-90,THAIS TEIXEIRA DE SOUZA LTDA,Ativa,http://cnpj.biz/42.740.656/0001-90,
42.836.598/0001-01,TMX COMERCIO DE EMBALAGENS LTDA,Ativa,http://cnpj.biz/42.836.598/0001-01,
43.113.574/0001-89,JEAN FERNANDO DE LARA & CIA LTDA,Ativa,http://cnpj.biz/43.113.574/0001-89,
42.128.253/0001-95,REGIANE REIS DE MOURA - SOGAMENOVO,Ativa,http://cnpj.biz/42.128.253/0001-95,
41.188.165/0001-16,SEPATUDOO COMERCIO E UTILIDADES LTDA,Ativa,http://cnpj.biz/41.188.165/0001-16,
41.072.169/0001-34,DISTRIBUIDORA HORA DA INTERA CWB LTDA,Ativa,http://cnpj.biz/41.072.169/0001-34,
41.414.854/0001-00,CASA DAS RACOES CURITIBA LTDA,Ativa,http://cnpj.biz/41.414.854/0001-00,
42.668.579/0001-05,PALAIS DECORACOES LTDA,Ativa,http://cnpj.biz/42.668.579/0001-05,
41.192.211/0001-50,POLIANA TONIAL LTDA,Ativa,http://cnpj.biz/41.192.211/0001-50,
43.228.429/0001-43,FRIGO BESSA COMERCIO VAREJISTA DE CARNES LTDA,Ativa,http://cnpj.biz/43.228.429/0001-43,
43.354.294/0001-62,VIA MULHER MODAS LTDA,Ativa,http://cnpj.biz/43.354.294/0001-62,
44.317.920/0001-03,PAOLIS CONVENIENCIA LTDA,Ativa,http://cnpj.biz/44.317.920/0001-03,
41.145.577/0001-79,G S COMERCIO DE COSMESTICOS LTDA,Ativa,http://cnpj.biz/41.145.577/0001-79,
41.346.161/0001-19,MARINA NASCIMENTO VIEIRA DOS SANTOS,Ativa,http://cnpj.biz/41.346.161/0001-19,
43.348.437/0001-23,GALERIA ZAVVA LTDA,Ativa,http://cnpj.biz/43.348.437/0001-23,
44.118.318/0001-47,EDYLSON STINGLIN CIA DAS RESINAS,Ativa,http://cnpj.biz/44.118.318/0001-47,
42.346.327/0001-60,AMERICA MOTORS VEICULOS LTDA,Ativa,http://cnpj.biz/42.346.327/0001-60,
42.239.161/0002-63,DISTRIBUIDORA MELO E RUIZ LTDA,Ativa,http://cnpj.biz/42.239.161/0002-63,
42.070.188/0001-94,IPLAYSTORE - COMERCIO DE CELULARES E ACESSORIOS LTDA.,Ativa,http://cnpj.biz/42.070.188/0001-94,
44.177.469/0001-76,STEPHY BABY LTDA,Ativa,http://cnpj.biz/44.177.469/0001-76,
44.033.487/0001-84,ARSENAL EMPREENDIMENTOS COMERCIAIS E SERVICOS LTDA,Ativa,http://cnpj.biz/44.033.487/0001-84,
43.462.963/0001-10,BH CIDADE UTILIDADES DOMESTICAS LTDA,Ativa,http://cnpj.biz/43.462.963/0001-10,
42.856.774/0001-69,MM EMPREENDIMENTOS LTDA,Ativa,http://cnpj.biz/42.856.774/0001-69,
41.041.313/0001-75,MIRIANA STORE E OUTLET LTDA,Ativa,http://cnpj.biz/41.041.313/0001-75,
42.352.691/0001-32,ALFAIATARIA MELLO ARTIGOS MILITARES LTDA,Ativa,http://cnpj.biz/42.352.691/0001-32,
42.226.422/0001-20,DRN COMERCIO DE HORTIFRUTIGRANJEIROS LTDA,Ativa,http://cnpj.biz/42.226.422/0001-20,
42.236.733/0001-70,VIVEIRO ARAUCARIAS ZANETTE LTDA,Ativa,http://cnpj.biz/42.236.733/0001-70,
41.879.964/0001-39,ALEXANDRE LUIS NADOLY,Ativa,http://cnpj.biz/41.879.964/0001-39,
43.642.720/0001-63,D A DE LIMA VIDROS E ALUMINIO,Ativa,http://cnpj.biz/43.642.720/0001-63,
44.263.022/0001-10,PEREIRA E PEREIRA LTDA,Ativa,http://cnpj.biz/44.263.022/0001-10,
42.817.864/0001-40,DOURO DO BRASIL COMERCIAL LTDA,Ativa,http://cnpj.biz/42.817.864/0001-40,
43.866.228/0001-71,DISTRIBUIDORA DE LUBRIFICANTES NOVA ALIANCA LTDA,Ativa,http://cnpj.biz/43.866.228/0001-71,
44.104.054/0001-72,JS FERRAMENTAS LTDA,Ativa,http://cnpj.biz/44.104.054/0001-72,
41.870.500/0001-61,BANADALLAS COMERCIO DE FRUTAS LTDA,Ativa,http://cnpj.biz/41.870.500/0001-61,
43.528.509/0001-14,SOBERANO COMERCIO DE HORTIFRUTIGRANJEIROS LTDA,Ativa,http://cnpj.biz/43.528.509/0001-14,
41.385.116/0001-73,V.F.M DISTRIBUIDORA DE DOCES LTDA,Ativa,http://cnpj.biz/41.385.116/0001-73,
41.327.307/0001-89,JOIA COMERCIO DE ALIMENTOS LTDA,Ativa,http://cnpj.biz/41.327.307/0001-89,
43.503.298/0001-65,AGROVERDE HORTIFRUTI LTDA,Ativa,http://cnpj.biz/43.503.298/0001-65,
43.168.179/0001-01,FONDUE IN BOX ALIMENTOS LTDA,Ativa,http://cnpj.biz/43.168.179/0001-01,
44.534.199/0001-03,T R VARGAS COMERCIO VAREGISTA,Ativa,http://cnpj.biz/44.534.199/0001-03,
42.606.705/0001-05,ACOUGUE BOI NOBRE LTDA,Ativa,http://cnpj.biz/42.606.705/0001-05,
41.952.101/0001-40,CELEIRO DO MALTE LTDA,Ativa,http://cnpj.biz/41.952.101/0001-40,
43.328.712/0001-47,R LUNARDON VESTUARIOS,Ativa,http://cnpj.biz/43.328.712/0001-47,
43.672.089/0001-45,MOCK VAREJO E DISTRIBUICAO LTDA,Ativa,http://cnpj.biz/43.672.089/0001-45,
44.102.576/0001-35,T.S CASA DE CONDIMENTOS E ESPECIARIAS LTDA,Ativa,http://cnpj.biz/44.102.576/0001-35,
43.944.853/0001-94,HOMEN.COM LTDA,Ativa,http://cnpj.biz/43.944.853/0001-94,
44.317.664/0001-54,BRAZIL AUTO PARTS LTDA,Ativa,http://cnpj.biz/44.317.664/0001-54,
43.579.699/0001-07,D DE S SANTANA FERRO E ACO,Ativa,http://cnpj.biz/43.579.699/0001-07,
39.239.518/0003-80,PANDORA COMERCIO DE ESTOFADOS LTDA,Ativa,http://cnpj.biz/39.239.518/0003-80,
34.057.236/0002-67,VANESSA APOLINARIO V.APOLINARIO DISTRIBUIDORA DE GAS E BEBIDAS LTDA,Ativa,http://cnpj.biz/34.057.236/0002-67,
42.527.220/0001-18,AGROPET VILELA LTDA,Ativa,http://cnpj.biz/42.527.220/0001-18,
42.158.871/0001-88,TECFAN CURITIBA COMERCIO DE PECAS LTDA,Ativa,http://cnpj.biz/42.158.871/0001-88,
44.512.138/0001-45,E DA S SALLES COMERCIAL LTDA,Ativa,http://cnpj.biz/44.512.138/0001-45,
41.919.640/0003-49,SEW DISTRIBUIDORA DE AUTOPECAS DE SAO PAULO LTDA,Ativa,http://cnpj.biz/41.919.640/0003-49,
43.309.941/0001-14,MATIAS A DE CARVALHO COMERCIO DE PRODUTOS DE LIMPEZA LTDA,Ativa,http://cnpj.biz/43.309.941/0001-14,
42.464.827/0001-04,ESTAXO MATERIAIS DE CONSTRUCAO LTDA,Ativa,http://cnpj.biz/42.464.827/0001-04,
41.863.348/0001-90,CLINICA DAS BIKES COMERCIO DE BICICLETAS LTDA,Ativa,http://cnpj.biz/41.863.348/0001-90,
41.375.179/0001-49,FRUTISOL COMERCIO DE HORTIFRUTI LTDA,Ativa,http://cnpj.biz/41.375.179/0001-49,
39.847.356/0002-81,PH BIKE SHOP LTDA,Ativa,http://cnpj.biz/39.847.356/0002-81,
42.554.033/0001-23,SCHMUCK LABORATORIO FOTOGRAFICO LTDA,Ativa,http://cnpj.biz/42.554.033/0001-23,
43.345.088/0001-96,C JACUBIK COMERCIO VAREJISTA DE MOVEIS E VARIEDADES LTDA,Ativa,http://cnpj.biz/43.345.088/0001-96,
32.034.154/0002-71,LGL COMERCIO DE PRODUTOS ORTOPEDICOS LTDA,Ativa,http://cnpj.biz/32.034.154/0002-71,
36.840.496/0002-30,MY PET COMERCIO VAREJISTA E CONFECCAO DE VESTUARIO LTDA,Ativa,http://cnpj.biz/36.840.496/0002-30,
42.073.715/0001-14,JOSIANE SIZANOSKI SENTER - OTICA,Ativa,http://cnpj.biz/42.073.715/0001-14,
41.951.907/0001-13,PARFUMS DU MONDE LTDA,Ativa,http://cnpj.biz/41.951.907/0001-13,
43.626.211/0001-47,VIEIRA & CUSTEL PROMOCAO E COMERCIO DE COSMETICOS LTDA,Ativa,http://cnpj.biz/43.626.211/0001-47,
41.366.275/0001-20,ZAGUOBINSKI E SILVA COMERCIO DE ARTIGOS DE VESTUARIO LTDA,Ativa,http://cnpj.biz/41.366.275/0001-20,
41.215.306/0001-42,TOBBY COMERCIO DE ARTIGOS DO VESTUARIO LTDA.,Ativa,http://cnpj.biz/41.215.306/0001-42,
42.945.829/0001-07,O F D L LTDA,Ativa,http://cnpj.biz/42.945.829/0001-07,
43.161.174/0001-49,J E J COMERCIO DE CALCADOS LTDA,Ativa,http://cnpj.biz/43.161.174/0001-49,
42.178.883/0001-74,MS IMPORTADOS LTDA,Ativa,http://cnpj.biz/42.178.883/0001-74,
36.401.599/0002-01,L. DOS REIS DE AQUINO LTDA,Ativa,http://cnpj.biz/36.401.599/0002-01,
15.285.995/0002-32,"FUTURO BETA, SERVICOS E COMERCIO LTDA,Ativa",http://cnpj.biz/15.285.995/0002-32,
42.427.883/0001-60,ZATTI AMBIENTES PLANEJADOS LTDA,Ativa,http://cnpj.biz/42.427.883/0001-60,
43.996.215/0001-17,"TRISTAO COMERCIO, IMPORTACAO E EXPORTACAO DE MADEIRAS LTDA,Ativa",http://cnpj.biz/43.996.215/0001-17,
42.784.089/0001-74,ESTOFAMENTOS RIBEIRO LTDA,Ativa,http://cnpj.biz/42.784.089/0001-74,